image_path,fever,nodules,mouth_sores,nasal_discharge,cough,swollen_lymph,disease
lumpy/img1235.jpg,1,1,0,1,0,0,LSD
lumpy/IMG-20220830-WA0085_jpg.rf.39eadf60a5c8b86e06ed57d84b5b56e0.jpg,1,1,0,1,0,0,LSD
lumpy/img1367.jpg,1,1,0,1,0,0,LSD
lumpy/IMG_Lumpy_skin_disease_i_2_1_MAA9R3GQ_jpg.rf.c5a06cbc4336d8bdc29d50c8ead8fddc.jpg,1,1,0,1,0,0,LSD
lumpy/Screenshot_2022_0901_190038_png_jpg.rf.e1e27f956532a34d37d57ba4132cbf4c.jpg,1,1,0,1,0,0,LSD
lumpy/LSD-83-_png_jpg.rf.ff3da07149b6e07e2a9bf67b960b5f6d.jpg,1,1,0,1,0,0,LSD
lumpy/img1371.jpg,1,1,0,1,0,0,LSD
lumpy/Screenshot_2022_0901_190634_png_jpg.rf.5f2af884302a256c0ea101111eeb7f59.jpg,1,1,0,1,0,0,LSD
lumpy/img1016.jpg,1,1,0,1,0,0,LSD
lumpy/img1100.jpg,1,1,0,1,0,0,LSD
lumpy/FB_IMG_1662698182041_jpg.rf.a276f3588cca3efe4a1015c5d985b5d4.jpg,1,1,0,1,0,0,LSD
lumpy/IMG-20220830-WA0107_jpg.rf.10c730d8ec59a17f8bcffe7cf2503583.jpg,1,1,0,1,0,0,LSD
lumpy/IMG-20220830-WA0064_jpg.rf.e7d159eb8137e57f0b897d528cf60c4d.jpg,1,1,0,1,0,0,LSD
lumpy/img1033.jpg,1,1,0,1,0,0,LSD
lumpy/IMG-20220830-WA0232_jpg.rf.e4af0e74b16b9f6eabe3ef5c0f734f39.jpg,1,1,0,1,0,0,LSD
lumpy/img1765_jpg.rf.cc1ba4878a6b23209215ea91be628309.jpg,1,1,0,1,0,0,LSD
lumpy/Lumpy_Skin_121_png.rf.1beab04d94bc2d912c86b7fb79af7d94.jpg,1,1,0,1,0,0,LSD
lumpy/IMG-20220830-WA0190_jpg.rf.3934c0f0faff44cac87b42a25df66a1a.jpg,1,1,0,1,0,0,LSD
lumpy/img1242.jpg,1,1,0,1,0,0,LSD
lumpy/LS-12_jpg.rf.769e7354c3768b78b8e36fd3fbe7e49d.jpg,1,1,0,1,0,0,LSD
lumpy/LSD-266-_png_jpg.rf.9d61c63745aebd3422d36b64a2e8fbad.jpg,1,1,0,1,0,0,LSD
lumpy/img1385.jpg,1,1,0,1,0,0,LSD
lumpy/18_jpg_jpeg_jpg.rf.3971e38cc7e0900e540febe481f271da.jpg,1,1,0,1,0,0,LSD
lumpy/IMG-20220830-WA0255_jpg.rf.2f9d31a7a86c9f01e612d6b955b3c085.jpg,1,1,0,1,0,0,LSD
lumpy/Screenshot_2022_0901_190356_png_jpg.rf.4a98692c8ed914fe3d39a20c13f6574a.jpg,1,1,0,1,0,0,LSD
lumpy/44_jpg.rf.08315a1cc1cfb672f025f87719f16fdc.jpg,1,1,0,1,0,0,LSD
lumpy/4_jpg.rf.4355de8e158848f2468d256d9bc38213.jpg,1,1,0,1,0,0,LSD
lumpy/img1467_jpg.rf.0b7e5b6d9f897f389ee3fb369aff9b9c.jpg,1,1,0,1,0,0,LSD
lumpy/LSD-173-_png_jpg.rf.40773a4e94815b5a4ad917a23fafb4ea.jpg,1,1,0,1,0,0,LSD
lumpy/Lumpy_Skin_26_png.rf.fd915e5a19f7ba14022f0899bccd7b3b.jpg,1,1,0,1,0,0,LSD
lumpy/IMG-20220830-WA0200_jpg.rf.423a9f96248ab07efb4c166faa64d6f4.jpg,1,1,0,1,0,0,LSD
lumpy/25_jpg.rf.851010f7b4bc1897a82fa37e041da70a.jpg,1,1,0,1,0,0,LSD
lumpy/Lumpy_Skin_213_png.rf.d9e24970648a7df0fce5db04640ca96c.jpg,1,1,0,1,0,0,LSD
lumpy/IMG_20220906_174444_jpg.rf.37da75769c06a5207a9cee82381a8f06.jpg,1,1,0,1,0,0,LSD
lumpy/img1106.jpg,1,1,0,1,0,0,LSD
lumpy/8_jpg.rf.711b6c473fc50b9a26c305d0fac724f6.jpg,1,1,0,1,0,0,LSD
lumpy/img1244.jpg,1,1,0,1,0,0,LSD
lumpy/Lumpy_Skin_310_png.rf.24b40d84f635f193e3ace5ebcd84d87e.jpg,1,1,0,1,0,0,LSD
lumpy/LS-10_jpg.rf.3e3f01274bfd56e56aa23da3b49f1507.jpg,1,1,0,1,0,0,LSD
lumpy/LSD-89-_jpg.rf.160cf55b5bc9dfce090bca58e2d067aa.jpg,1,1,0,1,0,0,LSD
lumpy/LSD-272-_jpg.rf.ff24dcf3c1a5acc503891fa06dc3ea38.jpg,1,1,0,1,0,0,LSD
lumpy/IMG_20220830_110357_jpg.rf.f53fd2dec2b998aecf77742267a398cc.jpg,1,1,0,1,0,0,LSD
lumpy/img1687_jpg.rf.4f16c3ea74020e95e1a344b818fc6340.jpg,1,1,0,1,0,0,LSD
lumpy/img1293(1).jpg,1,1,0,1,0,0,LSD
lumpy/IMG_20220829_124626_jpg.rf.11448e88fa8f0b75ab7e43589c5bd103.jpg,1,1,0,1,0,0,LSD
lumpy/img1669_jpg.rf.0aa486b488ee24d10edc2e76dfe17cfd.jpg,1,1,0,1,0,0,LSD
lumpy/IMG_20220830_105728_jpg.rf.fa5c276596df45439073e31ce88e8a87.jpg,1,1,0,1,0,0,LSD
lumpy/img1155.jpg,1,1,0,1,0,0,LSD
lumpy/img1532_jpg.rf.49bbb31d6a9849b0b09c21dac2ed54b1.jpg,1,1,0,1,0,0,LSD
lumpy/img1877_jpg.rf.3b151b8e32d63dcd2f0b34dfa1c3d0a9.jpg,1,1,0,1,0,0,LSD
lumpy/Lumpy_Skin_140-resized.jpg,1,1,0,1,0,0,LSD
lumpy/FB_IMG_1662698194054_jpg.rf.af414734ebdc8997e5fa51c9dbff2fb5.jpg,1,1,0,1,0,0,LSD
lumpy/img2036_jpg.rf.004a7664ee9cdfb4b1af937e9b45994e.jpg,1,1,0,1,0,0,LSD
lumpy/img1194.jpg,1,1,0,1,0,0,LSD
lumpy/img1853_jpg.rf.c5c8959eac86fef9c6137531a65203e8.jpg,1,1,0,1,0,0,LSD
lumpy/img2211_jpg.rf.2fea1f15f2c375fa7b876c90f5d2687f.jpg,1,1,0,1,0,0,LSD
lumpy/LSD-141-_png_jpg.rf.e032d789f475e6a05fbc375687c92444.jpg,1,1,0,1,0,0,LSD
lumpy/LS-4_jpg.rf.793767c7a09b121b1d375ba3824b45b2.jpg,1,1,0,1,0,0,LSD
lumpy/img1180.jpg,1,1,0,1,0,0,LSD
lumpy/img1142.jpg,1,1,0,1,0,0,LSD
lumpy/IMG_20220830_080456_jpg.rf.7f9cf855f4f2b16e655c9d693ae97bc4.jpg,1,1,0,1,0,0,LSD
lumpy/img1104.jpg,1,1,0,1,0,0,LSD
lumpy/Screenshot_2022_0901_185800_png_jpg.rf.7c91da1da2bb158d03f8d6fc48dc2079.jpg,1,1,0,1,0,0,LSD
lumpy/img1653_jpg.rf.4d88ab8bfb1b356a38c8979387ab5191.jpg,1,1,0,1,0,0,LSD
lumpy/LSD-156-_png_jpg.rf.8d37e915e1c2afe5061d61c300f5c040.jpg,1,1,0,1,0,0,LSD
lumpy/img1017.jpg,1,1,0,1,0,0,LSD
lumpy/img2003_jpg.rf.ea58d25e9fbb5c38a054d2e087d4d4f8.jpg,1,1,0,1,0,0,LSD
lumpy/img1256.jpg,1,1,0,1,0,0,LSD
lumpy/img1054.jpg,1,1,0,1,0,0,LSD
lumpy/LSD-144-_png_jpg.rf.2249acaca35b4d56f469ccfacdb562eb.jpg,1,1,0,1,0,0,LSD
lumpy/Lumpy_Skin_278_png.rf.e5179736d71b474200abfedecfde443b.jpg,1,1,0,1,0,0,LSD
lumpy/IMG-20220830-WA0054_jpg.rf.45f4765d88e42c6ec7b2eec349de4487.jpg,1,1,0,1,0,0,LSD
lumpy/65_jpg.rf.8bf1d35b2b0b65b4c7545e86350fda69.jpg,1,1,0,1,0,0,LSD
lumpy/img1479_jpg.rf.0e5e9c9f2f1b2bd16013c991799b73b4.jpg,1,1,0,1,0,0,LSD
lumpy/img1899_jpg.rf.2ee21cb92d3aafde33ce74648be51e11.jpg,1,1,0,1,0,0,LSD
lumpy/IMG-20220830-WA0201_jpg.rf.36756b2d123255ca8588b6a3ea3f3d6d.jpg,1,1,0,1,0,0,LSD
lumpy/vlcsnap-2022-09-13-14h36m35s495_png_jpg.rf.54280d5febdd6adc74b0f64fe66c0131.jpg,1,1,0,1,0,0,LSD
lumpy/IMG-20220830-WA0127_jpg.rf.93f4a86399f5c7586a6c642f03b74bb6.jpg,1,1,0,1,0,0,LSD
lumpy/IMG-20220830-WA0189_jpg.rf.72213f604547d194560d7a49ee609368.jpg,1,1,0,1,0,0,LSD
lumpy/IMG_Lumpy_skin_disease_i_2_1_MAA9R3GQ_jpg.rf.1bd49d094107da006fd2911281a6f46a.jpg,1,1,0,1,0,0,LSD
lumpy/29_jpg.rf.bb7d7e966ecca721dd2d95f9ccc2e0dc.jpg,1,1,0,1,0,0,LSD
lumpy/IMG_20220830_081709_jpg.rf.9a932e88287f4d526b49d63eee32e83c.jpg,1,1,0,1,0,0,LSD
lumpy/12_jpg.rf.3438345b03095b2b13038c3012b72837.jpg,1,1,0,1,0,0,LSD
lumpy/img1117.jpg,1,1,0,1,0,0,LSD
lumpy/13_jpg.rf.7cbaa11ffeee0cbc54197cb4b2a6d763.jpg,1,1,0,1,0,0,LSD
lumpy/images_jpg.rf.87ba1ef0dfa6807aa5eaed7bce476693.jpg,1,1,0,1,0,0,LSD
lumpy/IMG_20220829_130241_jpg.rf.48f79c9d7334c4ba79a9369ee9807b09.jpg,1,1,0,1,0,0,LSD
lumpy/LS-16_jpg.rf.d42328fa83abbd2dc733d428ea5f2dc1.jpg,1,1,0,1,0,0,LSD
lumpy/img1287.jpg,1,1,0,1,0,0,LSD
lumpy/14_jpg.rf.1fcea11523f5cc0bcccb1519ef0a79fc.jpg,1,1,0,1,0,0,LSD
lumpy/IMG_20220906_173254_jpg.rf.e0f68c8c1eddb743928cdc1e596ad9fa.jpg,1,1,0,1,0,0,LSD
lumpy/img2055_jpg.rf.1769b07a82ce928ba426b8e9efe16b31.jpg,1,1,0,1,0,0,LSD
lumpy/IMG_20220830_103804_jpg.rf.3f1ad6e5ab7e404f41f12e43c4479314.jpg,1,1,0,1,0,0,LSD
lumpy/img1838_jpg.rf.60551efc445dc51ee17205220b94e503.jpg,1,1,0,1,0,0,LSD
lumpy/LSD-122-_png_jpg.rf.0d1bfc1bb90a9a91c60e46e3b38eabf5.jpg,1,1,0,1,0,0,LSD
lumpy/img1146.jpg,1,1,0,1,0,0,LSD
lumpy/1-foot-mouth-disease-fmd-isolated-fever-depression_jpg.rf.c794cf5099a10f3ee011282f61616445.jpg,1,1,0,1,0,0,LSD
lumpy/IMG_20220830_080243_jpg.rf.1201a2ee822f81b1ca9ea093dcc45feb.jpg,1,1,0,1,0,0,LSD
lumpy/LSD-38-_png_jpg.rf.941ea7941486495955db39b68888ece4.jpg,1,1,0,1,0,0,LSD
lumpy/IMG_20220830_075845_jpg.rf.33d09c54d68fd18abbb2d19e5016a5d2.jpg,1,1,0,1,0,0,LSD
lumpy/img1069.jpg,1,1,0,1,0,0,LSD
lumpy/25_jpg.rf.686bcd176091c90ff4438760dbfd5be8.jpg,1,1,0,1,0,0,LSD
lumpy/IMG-20220830-WA0238_jpg.rf.c9f687f8c6457c99aa983c8af18875db.jpg,1,1,0,1,0,0,LSD
lumpy/vlcsnap-2022-09-13-14h23m33s221_png_jpg.rf.068f9c305e1c18e7a22eef99b9a10b11.jpg,1,1,0,1,0,0,LSD
lumpy/Gallery_1661886056242_jpg.rf.7517b791c3c4eb9cbd96deb45034cd58.jpg,1,1,0,1,0,0,LSD
lumpy/Lumpy_Skin_35-resized.jpg,1,1,0,1,0,0,LSD
lumpy/img1825_jpg.rf.d79adce4a5dff810883836e348e28a65.jpg,1,1,0,1,0,0,LSD
lumpy/IMG-20220830-WA0112_jpg.rf.a986b9fa32c960c3d1f57b240292a2f1.jpg,1,1,0,1,0,0,LSD
lumpy/img1224.jpg,1,1,0,1,0,0,LSD
lumpy/LSD-62-_jpg.rf.85a51ec620696adb7267da27901f992e.jpg,1,1,0,1,0,0,LSD
lumpy/img1666_jpg.rf.68c8ffdd6aedde9dfd9adcb517cd9f0b.jpg,1,1,0,1,0,0,LSD
lumpy/img1254.jpg,1,1,0,1,0,0,LSD
lumpy/LSD-25-_png_jpg.rf.6673011b60971e9159f115f81f206413.jpg,1,1,0,1,0,0,LSD
lumpy/IMG_20220830_104851_jpg.rf.860ea9aa63c3f2c03616f38bce0d14be.jpg,1,1,0,1,0,0,LSD
lumpy/IMG-20220830-WA0166_jpg.rf.3e4f42b76c4e8f166e81c599ce402a87.jpg,1,1,0,1,0,0,LSD
lumpy/IMG-20220830-WA0048_jpg.rf.a5b198a818fdb953affc6574c2baf649.jpg,1,1,0,1,0,0,LSD
lumpy/IMG-20220830-WA0191_jpg.rf.91635246cdec1d2df732c74f06e5ff7c.jpg,1,1,0,1,0,0,LSD
lumpy/IMG-20220830-WA0127_jpg.rf.adbdcdab583602ae8b903ee51833c0c5.jpg,1,1,0,1,0,0,LSD
lumpy/LSD-53-_png_jpg.rf.28db61465aab5fdcb6fbbebb5a879684.jpg,1,1,0,1,0,0,LSD
lumpy/IMG_20220906_174524_jpg.rf.b3551b76d56ef6dd9262429051e19109.jpg,1,1,0,1,0,0,LSD
lumpy/17_jpg_jpeg_jpg.rf.7f2e9cc483c2e49098c2ec8af33a80bc.jpg,1,1,0,1,0,0,LSD
lumpy/IMG-20220830-WA0075_jpg.rf.66ab1464817a9a3049d98ec16d0edf40.jpg,1,1,0,1,0,0,LSD
lumpy/img1042.jpg,1,1,0,1,0,0,LSD
lumpy/img1632_jpg.rf.972670b00f0245454532ac37135edd36.jpg,1,1,0,1,0,0,LSD
lumpy/img1396.jpg,1,1,0,1,0,0,LSD
lumpy/img1395.jpg,1,1,0,1,0,0,LSD
lumpy/img1398.jpg,1,1,0,1,0,0,LSD
lumpy/IMG-20220830-WA0205_jpg.rf.a919c74d5f8718df9d44a23b60c385b2.jpg,1,1,0,1,0,0,LSD
lumpy/IMG-20220830-WA0234_jpg.rf.b2a0e34adb49cf25cf85554645183af9.jpg,1,1,0,1,0,0,LSD
lumpy/LSD-171-_png_jpg.rf.43c1be44153da01959c61fd10b138046.jpg,1,1,0,1,0,0,LSD
lumpy/LSD-2-_png_jpg.rf.79d40358f6db906819afc56b1cd7cb98.jpg,1,1,0,1,0,0,LSD
lumpy/IMG_20220830_075845_jpg.rf.b20f2e623ae7c07517196f735429a332.jpg,1,1,0,1,0,0,LSD
lumpy/IMG-20220830-WA0151_jpg.rf.7f1d48639f6b053dc3e6450c142a9694.jpg,1,1,0,1,0,0,LSD
lumpy/LSD-241-_png_jpg.rf.932b92ebb5ec28bbd59987e6e1ab6486.jpg,1,1,0,1,0,0,LSD
lumpy/img1265.jpg,1,1,0,1,0,0,LSD
lumpy/img2051_jpg.rf.391e02c093374b569678e97d95dd5436.jpg,1,1,0,1,0,0,LSD
lumpy/img2346_jpg.rf.4d7c957b115298ab3adde7e51cd17ed9.jpg,1,1,0,1,0,0,LSD
lumpy/IMG_20220906_172420_jpg.rf.0a3192dea38b52efdf9aab9364a166b3.jpg,1,1,0,1,0,0,LSD
lumpy/27_jpg_jpeg_jpg.rf.cae38b133e74dd74abc04417396388b8.jpg,1,1,0,1,0,0,LSD
lumpy/IMG-20220830-WA0048_jpg.rf.9e35c1a2e7ac0fad19d1d9652bcc809f.jpg,1,1,0,1,0,0,LSD
lumpy/img1925_jpg.rf.c6ed43720f61b79904d3ff37e155424b.jpg,1,1,0,1,0,0,LSD
lumpy/IMG_20220830_102711_jpg.rf.6f0efccc8cf11ac1bcaa4a34567830b5.jpg,1,1,0,1,0,0,LSD
lumpy/Lumpy_Skin_290_png.rf.049f5a798b3b3eb9dab6473a1e8c6c04.jpg,1,1,0,1,0,0,LSD
lumpy/16_jpg.rf.88d20a57353a26c6690d910386895263.jpg,1,1,0,1,0,0,LSD
lumpy/img1222.jpg,1,1,0,1,0,0,LSD
lumpy/IMG-20220907-WA0001_jpg.rf.cdfbd11b71f3cc09192dbec9b79f69dd.jpg,1,1,0,1,0,0,LSD
lumpy/img2061_jpg.rf.8d956c889e5ffe76675a2897ebfdd1cb.jpg,1,1,0,1,0,0,LSD
lumpy/img1751_jpg.rf.067c391c28c4eb49427df2d72919df7d.jpg,1,1,0,1,0,0,LSD
lumpy/LS-5_jpg.rf.5dd8e4a818ce76a3888bcdf3004cb140.jpg,1,1,0,1,0,0,LSD
lumpy/7e69119a-1894-4fa7-aec8-07feb70fd71b-f_jpg.rf.782e6f87ab5af90f9f71d8de170c937f.jpg,1,1,0,1,0,0,LSD
lumpy/img1227.jpg,1,1,0,1,0,0,LSD
lumpy/28_jpg.rf.49e00077063ec4327a1c1023e4a62900.jpg,1,1,0,1,0,0,LSD
lumpy/images-2-_jpg.rf.53e94c4a33e8fa0a231cf8f5db87208a.jpg,1,1,0,1,0,0,LSD
lumpy/LSD-44-_png_jpg.rf.99e3718b9de525d4b6efce054b2a510f.jpg,1,1,0,1,0,0,LSD
lumpy/img1170.jpg,1,1,0,1,0,0,LSD
lumpy/img2265_jpg.rf.e893453229ba223adeb7c2dfa1ccd78c.jpg,1,1,0,1,0,0,LSD
lumpy/IMG-20220830-WA0243_jpg.rf.3e9af829143e571190e5a8fe92ab2d2b.jpg,1,1,0,1,0,0,LSD
lumpy/IMG_20220906_174728_jpg.rf.47ee118d42411d0916b51a4eab5ef1cf.jpg,1,1,0,1,0,0,LSD
lumpy/IMG_20220830_081402_jpg.rf.547fa57a0922d432830f2bcc24970da0.jpg,1,1,0,1,0,0,LSD
lumpy/IMG-20220830-WA0074_jpg.rf.2cf2887914c36ac83349076ea42a1ac7.jpg,1,1,0,1,0,0,LSD
lumpy/img1540_jpg.rf.ca2d7a31711159d44edde9e1adc0d678.jpg,1,1,0,1,0,0,LSD
lumpy/IMG-20220830-WA0065_jpg.rf.2d72cd0ea554569e732ef9aff65edc88.jpg,1,1,0,1,0,0,LSD
lumpy/img1218.jpg,1,1,0,1,0,0,LSD
lumpy/LSD-28-_png_jpg.rf.775a68a806414fa6829943753b6465ad.jpg,1,1,0,1,0,0,LSD
lumpy/IMG_20220830_103804_jpg.rf.33a7dde93319741e7c0511a8ae4ecdb4.jpg,1,1,0,1,0,0,LSD
lumpy/img1114.jpg,1,1,0,1,0,0,LSD
lumpy/img1111.jpg,1,1,0,1,0,0,LSD
lumpy/Lumpy_Skin_293_png.rf.33b60e2c6a88f98775ce00b5a162d7bf.jpg,1,1,0,1,0,0,LSD
lumpy/IMG_20220830_081138_jpg.rf.39b095c25e2c421ad8b4ea8b76a5029e.jpg,1,1,0,1,0,0,LSD
lumpy/IMG-20220830-WA0068_jpg.rf.30c1843b7835764bb880638fbb0fc642.jpg,1,1,0,1,0,0,LSD
lumpy/FB_IMG_1662698182041_jpg.rf.db0507afac22f43996f7770c4c85141c.jpg,1,1,0,1,0,0,LSD
lumpy/img1721_jpg.rf.4247a384e4f74d40d95cd1b5eb1cd22d.jpg,1,1,0,1,0,0,LSD
lumpy/IMG_20220830_081728_jpg.rf.1334428e921268f08553bf9498ac14b1.jpg,1,1,0,1,0,0,LSD
lumpy/Lumpy_Skin_161_png.rf.0d16825031cf5103d3d629c3be1b0d90.jpg,1,1,0,1,0,0,LSD
lumpy/IMG-20220830-WA0195_jpg.rf.d993eddaaa1ebf9e51c62395700d41de.jpg,1,1,0,1,0,0,LSD
lumpy/img2214_jpg.rf.bdf884604ffbff6360c3d1a9ac0d10b1.jpg,1,1,0,1,0,0,LSD
lumpy/img1336.jpg,1,1,0,1,0,0,LSD
lumpy/img1635_jpg.rf.05e1af9371ecf0c7e89cc9012e843abb.jpg,1,1,0,1,0,0,LSD
lumpy/IMG-20220830-WA0253_jpg.rf.e8adf35584f8b73b8fc67a72e734d69e.jpg,1,1,0,1,0,0,LSD
lumpy/IMG_20220830_075746_jpg.rf.546abfc4c0bdccdafbbc06ae3a400006.jpg,1,1,0,1,0,0,LSD
lumpy/IMG-20220830-WA0205_jpg.rf.f8bb7adcdc403a369aa872a8403db68b.jpg,1,1,0,1,0,0,LSD
lumpy/IMG-20220830-WA0232_jpg.rf.5b33c1cb143c5a2dcb2340ddf171daec.jpg,1,1,0,1,0,0,LSD
lumpy/img1164.jpg,1,1,0,1,0,0,LSD
lumpy/IMG-20220830-WA0187_jpg.rf.da8412876a82b6917d190e0dbdbabaed.jpg,1,1,0,1,0,0,LSD
lumpy/img1127.jpg,1,1,0,1,0,0,LSD
lumpy/IMG_20220830_111220_jpg.rf.332d3b97f03a3d728df9a00f1b9bddb6.jpg,1,1,0,1,0,0,LSD
lumpy/Lumpy_Skin_29_png.rf.4af0ade0532639bf8912cc5d2a056111.jpg,1,1,0,1,0,0,LSD
lumpy/Lumpy_Skin_153_png.rf.d8f5d3dcea2836cd7ebd95d3f5e3fb6c.jpg,1,1,0,1,0,0,LSD
lumpy/Lumpy-skin-768x384-1_jpg.rf.a15b4acf546f7f2dd14fd1949acc8e71.jpg,1,1,0,1,0,0,LSD
lumpy/IMG_20220830_081145_jpg.rf.57eb2fe8de3e774b5a9ab49c75c7f245.jpg,1,1,0,1,0,0,LSD
lumpy/fears-of-lumpy-skin-di_jpg.rf.ae480bec3acf1f0e13d694f4129d536e.jpg,1,1,0,1,0,0,LSD
lumpy/img1381.jpg,1,1,0,1,0,0,LSD
lumpy/img1329.jpg,1,1,0,1,0,0,LSD
lumpy/img1189.jpg,1,1,0,1,0,0,LSD
lumpy/img1110.jpg,1,1,0,1,0,0,LSD
lumpy/57_jpg.rf.a8c83cbfecbdf2e4cd0ef4fa55f9569f.jpg,1,1,0,1,0,0,LSD
lumpy/IMG-20220830-WA0141_jpg.rf.bb66c32f2c4e2d545d39f4082098cfba.jpg,1,1,0,1,0,0,LSD
lumpy/Lumpy_Skin_150_png.rf.02bb954c82600a04f91097c5444873d8.jpg,1,1,0,1,0,0,LSD
lumpy/img1320.jpg,1,1,0,1,0,0,LSD
lumpy/IMG-20220830-WA0187_jpg.rf.1fa4335c08d60c6cf2cd0bc9176b6dd4.jpg,1,1,0,1,0,0,LSD
lumpy/LS-22_jpg.rf.43ff98de5b100331ec2e8c381e78dfae.jpg,1,1,0,1,0,0,LSD
lumpy/img1027.jpg,1,1,0,1,0,0,LSD
lumpy/IMG-20220830-WA0105_jpg.rf.9af71f4b00cd867233cc22d4c1818c20.jpg,1,1,0,1,0,0,LSD
lumpy/IMG-20220830-WA0048_jpg.rf.1da653f4470a9238ad65c86479ceaa29.jpg,1,1,0,1,0,0,LSD
lumpy/img1032.jpg,1,1,0,1,0,0,LSD
lumpy/LS-26_JPG_jpg.rf.909b03d5da297724cbf8444d6c3bda04.jpg,1,1,0,1,0,0,LSD
lumpy/Lumpy_Skin_66_png.rf.eb1ec664b2e010127d9fbe12c8bbec1d.jpg,1,1,0,1,0,0,LSD
lumpy/17_jpg.rf.b5b741f01b190e3fb83bd9d73abe1ee8.jpg,1,1,0,1,0,0,LSD
lumpy/IMG-20220901-WA0057_jpg.rf.9e423d1ab1d5baad873d2dbc57a1940e.jpg,1,1,0,1,0,0,LSD
lumpy/Lumpy_Skin_17_png.rf.824d377415d38cd498b824ae91597830.jpg,1,1,0,1,0,0,LSD
lumpy/img2291_jpg.rf.cdd7990b5d7a86877a011a7f2034f872.jpg,1,1,0,1,0,0,LSD
lumpy/14_jpg.rf.30a3fd59d7395108a2c542ea26abdc68.jpg,1,1,0,1,0,0,LSD
lumpy/53_jpg.rf.fda9434d462aa6c50f7492df485d6dc1.jpg,1,1,0,1,0,0,LSD
lumpy/img1266.jpg,1,1,0,1,0,0,LSD
lumpy/img1891_jpg.rf.b6de1cbbbb857196a419e3946b0758f2.jpg,1,1,0,1,0,0,LSD
lumpy/IMG-20220830-WA0141_jpg.rf.b73eea825f0ee38a240b6bf5d9af0dcb.jpg,1,1,0,1,0,0,LSD
lumpy/img1066.jpg,1,1,0,1,0,0,LSD
lumpy/IMG_20220907_184051_jpg.rf.0fb3537ca83c0727ded506115cbda8bc.jpg,1,1,0,1,0,0,LSD
lumpy/vlcsnap-2022-09-13-14h23m33s221_png_jpg.rf.24822765c0b5349a33083d495563675c.jpg,1,1,0,1,0,0,LSD
lumpy/img1602_jpg.rf.909cdc84cf98fc4078ab9d4fe007a64c.jpg,1,1,0,1,0,0,LSD
lumpy/IMG-20220830-WA0239_jpg.rf.e9cd891e154835f182dc4774ac9db134.jpg,1,1,0,1,0,0,LSD
lumpy/img2325_jpg.rf.56301cba554d1ee3b554e6db1a4c8ef1.jpg,1,1,0,1,0,0,LSD
lumpy/img1493_jpg.rf.0163890839411e9b3a1b88b7542df50a.jpg,1,1,0,1,0,0,LSD
lumpy/img1393.jpg,1,1,0,1,0,0,LSD
lumpy/IMG-20220830-WA0164_jpg.rf.e60c0905c163792c6d3773766cd6f9e6.jpg,1,1,0,1,0,0,LSD
lumpy/IMG_20220830_080932_jpg.rf.01a64c5e07151596bca41ace46ed960d.jpg,1,1,0,1,0,0,LSD
lumpy/img1312.jpg,1,1,0,1,0,0,LSD
lumpy/img1891_jpg.rf.608f5948d9628da10ac8c61263f44689.jpg,1,1,0,1,0,0,LSD
lumpy/IMG-20220903-WA0019_jpg.rf.59e7ba3ba865fafe53415b6f4d47b890.jpg,1,1,0,1,0,0,LSD
lumpy/IMG-20220830-WA0105_jpg.rf.0938c6c3c5dd32058521a5eff73909c5.jpg,1,1,0,1,0,0,LSD
lumpy/img1387.jpg,1,1,0,1,0,0,LSD
lumpy/img1050.jpg,1,1,0,1,0,0,LSD
lumpy/img1523_jpg.rf.06223754003956e227e426e7112e0432.jpg,1,1,0,1,0,0,LSD
lumpy/images-2-_jpg.rf.322721b7caf504f44d0fcd0734091ed8.jpg,1,1,0,1,0,0,LSD
lumpy/IMG_20220906_174657_jpg.rf.b457df5bb8e6ac2bbc28f28efd5424c4.jpg,1,1,0,1,0,0,LSD
lumpy/IMG_20220830_111220_jpg.rf.6e5a2eb9dbe90e82e5f3fd71cd2f7d57.jpg,1,1,0,1,0,0,LSD
lumpy/51_jpg.rf.20ef416713948ce8b7f8980e92dfd8cf.jpg,1,1,0,1,0,0,LSD
lumpy/img1280.jpg,1,1,0,1,0,0,LSD
lumpy/IMG-20220830-WA0190_jpg.rf.c523f821806f76b8c26e10252f8917ef.jpg,1,1,0,1,0,0,LSD
lumpy/LSD-237-_png_jpg.rf.3773e1cb7148a99d3486401ff219f8a2.jpg,1,1,0,1,0,0,LSD
lumpy/IMG-20220831-WA0018_jpg.rf.0001e357e4fb0676cd2d322c507103fb.jpg,1,1,0,1,0,0,LSD
lumpy/img1359.jpg,1,1,0,1,0,0,LSD
lumpy/86_jpg.rf.0ecc945cdd3a9fd89bd51c49dfdea92d.jpg,1,1,0,1,0,0,LSD
lumpy/LS-6_jpg.rf.c626bcd4ed44721908407b06526dce81.jpg,1,1,0,1,0,0,LSD
lumpy/IMG-20220830-WA0105_jpg.rf.3196efd6cf353732a90108bf0cbe48d9.jpg,1,1,0,1,0,0,LSD
lumpy/img1690_jpg.rf.afd79187edc1522d8d7f3cb5755bb0fa.jpg,1,1,0,1,0,0,LSD
lumpy/img1923_jpg.rf.11a2deced8d67ee48ab6f57213b34de9.jpg,1,1,0,1,0,0,LSD
lumpy/67_jpg.rf.aa63c5ef099c716aa3161d02efec11d6.jpg,1,1,0,1,0,0,LSD
lumpy/img1685_jpg.rf.d2e112d8db76c0bb64de58144ceb2f20.jpg,1,1,0,1,0,0,LSD
lumpy/IMG_20220829_124626_jpg.rf.0f840ddffd52300d8885fef5f010bcdf.jpg,1,1,0,1,0,0,LSD
lumpy/WhatsApp-Image-2022-07-16-at-6-06-24-PM_jpeg_jpg.rf.3c3f7a3fb7d314c575a75b612861f13f.jpg,1,1,0,1,0,0,LSD
lumpy/48_jpg.rf.a91a662387d684bfe7fec44c90efbe60.jpg,1,1,0,1,0,0,LSD
lumpy/LS-7_jpg.rf.4afc7f40a54ee11b8277e6144266bc3e.jpg,1,1,0,1,0,0,LSD
lumpy/img1295(1).jpg,1,1,0,1,0,0,LSD
lumpy/vlcsnap-2022-09-13-14h30m25s821_png_jpg.rf.3599e0a45e87bf1e6450424001126d4f.jpg,1,1,0,1,0,0,LSD
lumpy/IMG-20220830-WA0151_jpg.rf.4d124185f461957b1b966768c8c019f6.jpg,1,1,0,1,0,0,LSD
lumpy/LSD-180-_png_jpg.rf.a703354579e51964feb9f7ce310c7a93.jpg,1,1,0,1,0,0,LSD
lumpy/Lumpy_Skin_322-resized.jpg,1,1,0,1,0,0,LSD
lumpy/img1048.jpg,1,1,0,1,0,0,LSD
lumpy/img2345_jpg.rf.63012b364b9c503a00ae5a078e492342.jpg,1,1,0,1,0,0,LSD
lumpy/img1672_jpg.rf.6608c27f559262114df310d367937d50.jpg,1,1,0,1,0,0,LSD
lumpy/img2025_jpg.rf.3b820e8bd3ffab28f48cb820a4b34fcd.jpg,1,1,0,1,0,0,LSD
lumpy/img1403.jpg,1,1,0,1,0,0,LSD
lumpy/IMG_20220906_172801_jpg.rf.83658dbaf5016e5c79dfb4120f7bac2d.jpg,1,1,0,1,0,0,LSD
lumpy/LSD-213-_png_jpg.rf.fbe20b67a2e1d03bd88fc308dd5e39f8.jpg,1,1,0,1,0,0,LSD
lumpy/img1192.jpg,1,1,0,1,0,0,LSD
lumpy/Lumpy_Skin_52_png.rf.1770ccd401062c3cd838abcda3e46487.jpg,1,1,0,1,0,0,LSD
lumpy/img1130.jpg,1,1,0,1,0,0,LSD
lumpy/images-1-_jpg.rf.15b59d1716b314990397235870859429.jpg,1,1,0,1,0,0,LSD
lumpy/LS-29_JPG_jpg.rf.c4fbfae8b7bc8e170086188483b82854.jpg,1,1,0,1,0,0,LSD
lumpy/img2390_jpg.rf.83e99c4deb5e1ea4d6b01c6b1cb4e5c5.jpg,1,1,0,1,0,0,LSD
lumpy/img1144.jpg,1,1,0,1,0,0,LSD
lumpy/IMG_20220830_081728_jpg.rf.d492ba46890a47588bd8c8181629dacd.jpg,1,1,0,1,0,0,LSD
lumpy/100_jpg.rf.5126a763111433d3c5366ec9e4840e8d.jpg,1,1,0,1,0,0,LSD
lumpy/IMG-20220830-WA0197_jpg.rf.c7703555dc1b83a4d047641656c5d5a9.jpg,1,1,0,1,0,0,LSD
lumpy/IMG_20220906_172811_jpg.rf.fb68dd20f59da7fa9628af6d55f5ff8f.jpg,1,1,0,1,0,0,LSD
lumpy/img2286_jpg.rf.a798805b32458c0a557f2f40f1f4a361.jpg,1,1,0,1,0,0,LSD
lumpy/img1829_jpg.rf.4030dfa246d39ff4f698ee174bc4c2ab.jpg,1,1,0,1,0,0,LSD
lumpy/LSD-37-_png_jpg.rf.8dc651975bc5c25a3f24f13da3aa60b4.jpg,1,1,0,1,0,0,LSD
lumpy/img2333_jpg.rf.79eefd90efeae59f6c9ea4422506d1f2.jpg,1,1,0,1,0,0,LSD
lumpy/LSD-90-_png_jpg.rf.ac2538a01fb64bb4fa933961648a4ca3.jpg,1,1,0,1,0,0,LSD
lumpy/img1331.jpg,1,1,0,1,0,0,LSD
lumpy/FB_IMG_1662698194054_jpg.rf.70145abec9328056fc2c356501ec71d1.jpg,1,1,0,1,0,0,LSD
lumpy/LSD-157-_png_jpg.rf.65fa3a507be7e9f65a6e7eb68a0ba8c5.jpg,1,1,0,1,0,0,LSD
lumpy/LSD-256-_png_jpg.rf.b628c46afda5f237c236b29df1786f48.jpg,1,1,0,1,0,0,LSD
lumpy/IMG_20220829_130241_jpg.rf.62513572749db5162c5d508317c59243.jpg,1,1,0,1,0,0,LSD
lumpy/img1541_jpg.rf.cedbaaf1a7889b951cc683a2e1f54e78.jpg,1,1,0,1,0,0,LSD
lumpy/IMG-20220830-WA0198_jpg.rf.c26f50d49f5e8948ed9f456089491ea5.jpg,1,1,0,1,0,0,LSD
lumpy/Lumpy_Skin_173_png.rf.d07a72e6b3c8f3e1e298d986ddb22009.jpg,1,1,0,1,0,0,LSD
lumpy/IMG-20220909-WA0005_jpg.rf.41275c2f0ac60bcf70834553d133f01e.jpg,1,1,0,1,0,0,LSD
lumpy/IMG_20220906_172358_jpg.rf.45e9940c4af406dd3c8c5136c77ccd78.jpg,1,1,0,1,0,0,LSD
lumpy/IMG-20220830-WA0189_jpg.rf.3ca9981e796d57854640ae85c8152891.jpg,1,1,0,1,0,0,LSD
lumpy/IMG-20220901-WA0053_jpg.rf.3cb7854855ba697177655ede5c77af4c.jpg,1,1,0,1,0,0,LSD
lumpy/IMG_20220906_172416_jpg.rf.57051d86568607adfbc6c3e71638b901.jpg,1,1,0,1,0,0,LSD
lumpy/img1790_jpg.rf.fcdc825c250fdd11d68f05239e57aee0.jpg,1,1,0,1,0,0,LSD
lumpy/IMG-20220830-WA0190_jpg.rf.877467785ed9cf376f44ea59127229c1.jpg,1,1,0,1,0,0,LSD
lumpy/img1257.jpg,1,1,0,1,0,0,LSD
lumpy/LS-7_jpg.rf.c7ae978cd3d3eef5d08a6575225dafd1.jpg,1,1,0,1,0,0,LSD
lumpy/IMG_20220830_120622_jpg.rf.60ea6a6adcf70b6be23cf195a9a030e2.jpg,1,1,0,1,0,0,LSD
lumpy/IMG_20220830_110005_jpg.rf.da16616218b887dbc0123d60f9ce6898.jpg,1,1,0,1,0,0,LSD
lumpy/IMG-20220830-WA0194_jpg.rf.aef26d2c5b15e14b7319b67f6cb0192d.jpg,1,1,0,1,0,0,LSD
lumpy/Lumpy_Skin_19_png.rf.7f246816b21724d6d0ac3135fa737e54.jpg,1,1,0,1,0,0,LSD
lumpy/img1091.jpg,1,1,0,1,0,0,LSD
lumpy/img1382.jpg,1,1,0,1,0,0,LSD
lumpy/img1684_jpg.rf.8bbdbb374e51a1e9b61b786a5f595a71.jpg,1,1,0,1,0,0,LSD
lumpy/IMG-20220830-WA0062_jpg.rf.a2a5695dda7aca0f59345e3dce4398ae.jpg,1,1,0,1,0,0,LSD
lumpy/IMG_20220830_105728_jpg.rf.4ce3a70c88d45e8a500d61fb0c62858f.jpg,1,1,0,1,0,0,LSD
lumpy/16_jpg.rf.b3b0a484bb4c0927b801f17021019bd5.jpg,1,1,0,1,0,0,LSD
lumpy/img1035.jpg,1,1,0,1,0,0,LSD
lumpy/IMG-20220830-WA0141_jpg.rf.422daf238a9a6eb9b517c3ebf37472ec.jpg,1,1,0,1,0,0,LSD
lumpy/Lumpy_Skin_204_png.rf.3a2d031280c69a05dad9cb1f4554e505.jpg,1,1,0,1,0,0,LSD
lumpy/img1366.jpg,1,1,0,1,0,0,LSD
lumpy/img1110_jpg.rf.e84cff4dac897d99071d3f3b4ebbc730.jpg,1,1,0,1,0,0,LSD
lumpy/Lumpy_Skin_157_png.rf.36484ce6e38c7a777d40276ff4843315.jpg,1,1,0,1,0,0,LSD
lumpy/IMG_20220830_081329_jpg.rf.e78ed768726a2aa8b42043b661a0e1fb.jpg,1,1,0,1,0,0,LSD
lumpy/img1377.jpg,1,1,0,1,0,0,LSD
lumpy/img1197.jpg,1,1,0,1,0,0,LSD
lumpy/IMG_20220906_172416_jpg.rf.699c16b6e03c7d7e0959950450cb1724.jpg,1,1,0,1,0,0,LSD
lumpy/Lumpy_Skin_323-resized.jpg,1,1,0,1,0,0,LSD
lumpy/LSD-204-_png_jpg.rf.fefa7bbd31bfe3ef84ce391382beb590.jpg,1,1,0,1,0,0,LSD
lumpy/IMG-20220903-WA0026_jpg.rf.b528ea117ba575c08069cc5e9b395d65.jpg,1,1,0,1,0,0,LSD
lumpy/Lumpy_Skin_252_png.rf.109de9b2b5a0826b1c15bb0d5f9f176b.jpg,1,1,0,1,0,0,LSD
lumpy/IMG_20220830_105946_jpg.rf.7706e16f5e15f411c147ae33f977a6a2.jpg,1,1,0,1,0,0,LSD
lumpy/WhatsApp-Image-2022-10-07-at-4-31-52-PM_jpeg_jpg.rf.c9c8b764843d9403293292c9566688e0.jpg,1,1,0,1,0,0,LSD
lumpy/Lumpy_Skin_137-resized.jpg,1,1,0,1,0,0,LSD
lumpy/13_jpg.rf.bf4bd20233b195a7bed2c9de4e710a8a.jpg,1,1,0,1,0,0,LSD
lumpy/31_jpg.rf.3caee8d5de4342cb43c2b8e8c9cee9c7.jpg,1,1,0,1,0,0,LSD
lumpy/img1145.jpg,1,1,0,1,0,0,LSD
lumpy/img2422_jpg.rf.3c1f459d47ed46c4877f2c97fdee3135.jpg,1,1,0,1,0,0,LSD
lumpy/2_jpg.rf.e7ab951ae3a13b231645a9b515ee07f7.jpg,1,1,0,1,0,0,LSD
lumpy/IMG-20220901-WA0058_jpg.rf.3e4d58719c812c573ababd4079f94df8.jpg,1,1,0,1,0,0,LSD
lumpy/img1025.jpg,1,1,0,1,0,0,LSD
lumpy/img1357.jpg,1,1,0,1,0,0,LSD
lumpy/vlcsnap-2022-09-13-14h23m04s863_png_jpg.rf.89a3ca8c04cf03cfd1c145b8bb27495a.jpg,1,1,0,1,0,0,LSD
lumpy/Lumpy_Skin_54_png.rf.fb2df03311c40eadf657f9445023e4fa.jpg,1,1,0,1,0,0,LSD
lumpy/27_jpg.rf.fe20c18c8346bea07a8ffb2915d3f3c3.jpg,1,1,0,1,0,0,LSD
lumpy/IMG-20220830-WA0047_jpg.rf.c89d4b27e474a62ed1936b46b4d224ed.jpg,1,1,0,1,0,0,LSD
lumpy/IMG-20220830-WA0047_jpg.rf.3b812ba58b7b9a9af1464c9bd2cd0da6.jpg,1,1,0,1,0,0,LSD
lumpy/img1616_jpg.rf.56df211120fb1dd158b5c394430806c6.jpg,1,1,0,1,0,0,LSD
lumpy/IMG-20220830-WA0126_jpg.rf.523cbde240dc727760137c9374508bd6.jpg,1,1,0,1,0,0,LSD
lumpy/img1241.jpg,1,1,0,1,0,0,LSD
lumpy/IMG_20220830_113832_jpg.rf.8cc1823fd9c9671d19304271baaed027.jpg,1,1,0,1,0,0,LSD
lumpy/img1065.jpg,1,1,0,1,0,0,LSD
lumpy/Lumpy_Skin_46-resized.jpg,1,1,0,1,0,0,LSD
lumpy/img1251.jpg,1,1,0,1,0,0,LSD
lumpy/IMG-20220830-WA0124_jpg.rf.39db7be06b4c6c1840ee7efc17629560.jpg,1,1,0,1,0,0,LSD
lumpy/img2364_jpg.rf.3ce7a8dc7a01fe7bbf90aea06e641896.jpg,1,1,0,1,0,0,LSD
lumpy/WhatsApp-Image-2022-10-07-at-3-46-30-PM_jpeg_jpg.rf.172a0d4f641cf30861b7cbbc57ecead6.jpg,1,1,0,1,0,0,LSD
lumpy/IMG_20220830_110005_jpg.rf.149c87d28fe9c69f2ff992be702f01fa.jpg,1,1,0,1,0,0,LSD
lumpy/IMG-20220830-WA0200_jpg.rf.fabbdca02516689d632a4eb43fb0948e.jpg,1,1,0,1,0,0,LSD
lumpy/IMG-20220830-WA0146_jpg.rf.4d3590c5c9e3f10de727f254d3e1f019.jpg,1,1,0,1,0,0,LSD
lumpy/img1232.jpg,1,1,0,1,0,0,LSD
lumpy/LSD-107-_png_jpg.rf.55bd5d7bfa50b0104e232a610f5dd7e5.jpg,1,1,0,1,0,0,LSD
lumpy/img1401.jpg,1,1,0,1,0,0,LSD
lumpy/IMG_20220830_075746_jpg.rf.ff883060f28d903aff941c8b1f05c72f.jpg,1,1,0,1,0,0,LSD
lumpy/IMG-20220830-WA0238_jpg.rf.f65e2ee8ea44adb4f548d35f9cd548fb.jpg,1,1,0,1,0,0,LSD
lumpy/IMG-20220830-WA0107_jpg.rf.d944898bfc281d80a0a0f38fd8108b01.jpg,1,1,0,1,0,0,LSD
lumpy/IMG_20220830_081402_jpg.rf.8ae460a6b5208b30bc6e00726fb64446.jpg,1,1,0,1,0,0,LSD
lumpy/IMG-20220830-WA0153_jpg.rf.92c2edc627423bf27c7246656711482e.jpg,1,1,0,1,0,0,LSD
lumpy/IMG-20220901-WA0064_jpg.rf.2f6d2abc12708d3c325ad901542021d6.jpg,1,1,0,1,0,0,LSD
lumpy/img1021.jpg,1,1,0,1,0,0,LSD
lumpy/81_jpg.rf.f1df622a1710921e8574ff9fb5557cc5.jpg,1,1,0,1,0,0,LSD
lumpy/LSD-20-_png_jpg.rf.2fc72f5e7b42cdde7529e9847e93d8b7.jpg,1,1,0,1,0,0,LSD
lumpy/IMG-20220830-WA0110_jpg.rf.948c92a69156958d4c3a1e897e3a675e.jpg,1,1,0,1,0,0,LSD
lumpy/img2138_jpg.rf.9a39a82e0bb47205124cab0740a28263.jpg,1,1,0,1,0,0,LSD
lumpy/img1305.jpg,1,1,0,1,0,0,LSD
lumpy/img1372.jpg,1,1,0,1,0,0,LSD
lumpy/img1939_jpg.rf.420b3cbb8327229fa922621cf9ba569d.jpg,1,1,0,1,0,0,LSD
lumpy/74_jpg.rf.57971321a450d91181a7bbef2394132d.jpg,1,1,0,1,0,0,LSD
lumpy/IMG-20220906-WA0002_jpg.rf.b3067a314b2fd463676c08e2b8fb1ee0.jpg,1,1,0,1,0,0,LSD
lumpy/img1356.jpg,1,1,0,1,0,0,LSD
lumpy/IMG-20220902-WA0041_jpg.rf.9228bb37d8100b2ccb73fb5f9967d49e.jpg,1,1,0,1,0,0,LSD
lumpy/img2319_jpg.rf.99e4ac7c38cd6ac5ef983db4f68b54c1.jpg,1,1,0,1,0,0,LSD
lumpy/img1624_jpg.rf.304143f68a2a90db2e0f0db1767ea73a.jpg,1,1,0,1,0,0,LSD
lumpy/LS-14_jpg.rf.1aa5ecfe1fb636898e82329b28dfda0d.jpg,1,1,0,1,0,0,LSD
lumpy/img1107.jpg,1,1,0,1,0,0,LSD
lumpy/img1236.jpg,1,1,0,1,0,0,LSD
lumpy/img1062.jpg,1,1,0,1,0,0,LSD
lumpy/IMG-20220830-WA0238_jpg.rf.3e58584d89a2df04af53b8ef6115542d.jpg,1,1,0,1,0,0,LSD
lumpy/img1633_jpg.rf.f3ad2d5e9daa05890b8652f9c32e0fae.jpg,1,1,0,1,0,0,LSD
lumpy/WhatsApp-Image-2022-10-07-at-3-42-30-PM_jpeg_jpg.rf.116734adfe6228680b53fd017cde6431 - Copy.jpg,1,1,0,1,0,0,LSD
lumpy/IMG-20220830-WA0200_jpg.rf.a66113a93a17a7b740b4c58aa8d0736e.jpg,1,1,0,1,0,0,LSD
lumpy/img2094_jpg.rf.0dee75d8a69960a66826238f6a4f4fcc.jpg,1,1,0,1,0,0,LSD
lumpy/FB_IMG_1662698194054_jpg.rf.b46625b18e1b626ac4d5bc92f1a252f1.jpg,1,1,0,1,0,0,LSD
lumpy/IMG-20220903-WA0026_jpg.rf.13d8c27f7384e69a28d0e2a32b87a225.jpg,1,1,0,1,0,0,LSD
lumpy/IMG_20220830_081329_jpg.rf.7c16c68848d5eaf30fe47b94a73038e7.jpg,1,1,0,1,0,0,LSD
lumpy/img1910_jpg.rf.0997ea390fc1f4a81844addc244ef14b.jpg,1,1,0,1,0,0,LSD
lumpy/img1209_jpg.rf.e4687f015bec59eaff2b8af9cb9ff4a7.jpg,1,1,0,1,0,0,LSD
lumpy/img2359_jpg.rf.51fde2d22a954a6c1d11625bd37138b0.jpg,1,1,0,1,0,0,LSD
lumpy/IMG-20220902-WA0043_jpg.rf.dbc2026ac9e5732d06806377ad46fdb2.jpg,1,1,0,1,0,0,LSD
lumpy/28_jpg.rf.d296e47d1e39ec4c1741c9f70449b1ed.jpg,1,1,0,1,0,0,LSD
lumpy/img1564_jpg.rf.d9864efd9c90316203317626d456e9c7.jpg,1,1,0,1,0,0,LSD
lumpy/IMG-20220830-WA0074_jpg.rf.06a29c3f2b16f83b4577b846cf53524a.jpg,1,1,0,1,0,0,LSD
lumpy/18_jpg.rf.1ae40900657ba57f8f50f7c312585ed7.jpg,1,1,0,1,0,0,LSD
lumpy/IMG_20220906_172316_jpg.rf.fd2e41ddfd18a096fd56737694134399.jpg,1,1,0,1,0,0,LSD
lumpy/IMG_20220829_124417_jpg.rf.1234442662c169b5915e8368b318497d.jpg,1,1,0,1,0,0,LSD
lumpy/IMG-20220830-WA0125_jpg.rf.c25106033882b2a4afd54154047a0137.jpg,1,1,0,1,0,0,LSD
lumpy/LSD-161-_png_jpg.rf.c9357c315f3ebd2d8395c0f77a7ae4ad.jpg,1,1,0,1,0,0,LSD
lumpy/IMG-20220830-WA0087_jpg.rf.52646fb12281029966c676ca4308ceb2.jpg,1,1,0,1,0,0,LSD
lumpy/IMG_20220830_110358_jpg.rf.075e69f1b38cba9c8f2e7e557fab0236.jpg,1,1,0,1,0,0,LSD
foot-and-mouth/FMD-bov-mouth-2-Copy-10-_jpg.rf.58f303588be0dbdc905eb1dfd29281df.jpg,1,0,1,0,0,0,FOOT-AND-MOUTH
foot-and-mouth/moazx-157-_jpg.rf.28b1351aa78ac49e832cb46d8fd4f6bb.jpg,1,0,1,0,0,0,FOOT-AND-MOUTH
foot-and-mouth/-60-_jpg.rf.c6c0845307009ecfb8ca656e33ee819c.jpg,1,0,1,0,0,0,FOOT-AND-MOUTH
foot-and-mouth/cm4-5-1WM-1.jpg,1,0,1,0,0,0,FOOT-AND-MOUTH
foot-and-mouth/cm 10-1WM-1.jpg,1,0,1,0,0,0,FOOT-AND-MOUTH
foot-and-mouth/Diseased-dental-pad-1_jpg.rf.af30838a7100af8ed77e0e791033fdb9.jpg,1,0,1,0,0,0,FOOT-AND-MOUTH
foot-and-mouth/mouth_4_daysJMOKWM.jpg,1,0,1,0,0,0,FOOT-AND-MOUTH
foot-and-mouth/mosap-111-_jpg.rf.5fcdf4da19f284caff19ceaeca355cfb.jpg,1,0,1,0,0,0,FOOT-AND-MOUTH
foot-and-mouth/Mouth_4-5_days_3WM.jpg,1,0,1,0,0,0,FOOT-AND-MOUTH
foot-and-mouth/FMD_27_jpg.rf.c669752a6c893fb14ef8329cc5a06c70 - Copy.jpg,1,0,1,0,0,0,FOOT-AND-MOUTH
foot-and-mouth/mosap-414-_jpg.rf.47448d11899c671363652b642c1196f4.jpg,1,0,1,0,0,0,FOOT-AND-MOUTH
foot-and-mouth/moazx-34-_jpg.rf.f46986553fa14e2566fb32d5de8e2f4f.jpg,1,0,1,0,0,0,FOOT-AND-MOUTH
foot-and-mouth/11_foot_mouth_disease_mpi_jpg.rf.76e8175bb4d764d636e7de5d0371a907.jpg,1,0,1,0,0,0,FOOT-AND-MOUTH
foot-and-mouth/-55-_jpg.rf.2d82aa672708a68578a5e1d955989a44.jpg,1,0,1,0,0,0,FOOT-AND-MOUTH
foot-and-mouth/FMD_21_jpg.rf.fe4d9c8f80a9c759ea0ba77422ed0e35.jpg,1,0,1,0,0,0,FOOT-AND-MOUTH
foot-and-mouth/moazx-109-_jpg.rf.91b97e392901d71428778d26fca3745d.jpg,1,0,1,0,0,0,FOOT-AND-MOUTH
foot-and-mouth/FMD-Knuckles-_54-Copy_jpeg.rf.99ae59840ac60a16331a3077ed782973.jpg,1,0,1,0,0,0,FOOT-AND-MOUTH
foot-and-mouth/mosap-126-_jpg.rf.9104554fb20d06f4e7e3f9b626854b07.jpg,1,0,1,0,0,0,FOOT-AND-MOUTH
foot-and-mouth/mosap-113-_jpg.rf.89e51474cca235dc80b599574998f900.jpg,1,0,1,0,0,0,FOOT-AND-MOUTH
foot-and-mouth/mosap-78-_jpg.rf.1f3a2b943b29d05c7cf627058db1f4d8.jpg,1,0,1,0,0,0,FOOT-AND-MOUTH
foot-and-mouth/Diseased-dental-pad-46_jpg.rf.d86da8c137dac19f16654c8bbc313a4b.jpg,1,0,1,0,0,0,FOOT-AND-MOUTH
foot-and-mouth/-58-_jpg.rf.4a18f91b2cd51ea5bcdd9efe9b6c61ab.jpg,1,0,1,0,0,0,FOOT-AND-MOUTH
foot-and-mouth/moazx-126-_jpg.rf.c2a24befd769268bdec07ed6ea2db5ab.jpg,1,0,1,0,0,0,FOOT-AND-MOUTH
foot-and-mouth/3-Figure6-1_png.rf.a46587f55b886b922f4bec8b1c4df9ce.jpg,1,0,1,0,0,0,FOOT-AND-MOUTH
foot-and-mouth/7-day-vesicle-steer-foot-2_jpg.rf.043438f61b68fccc38a4a573a52da95b.jpg,1,0,1,0,0,0,FOOT-AND-MOUTH
foot-and-mouth/P1020006WM-1.jpg,1,0,1,0,0,0,FOOT-AND-MOUTH
foot-and-mouth/Diseased-dental-pad-52_jpg.rf.b9f09aa0e5a6e0610b7fdb7dee89c418.jpg,1,0,1,0,0,0,FOOT-AND-MOUTH
foot-and-mouth/FMD-Knuckles-_204_jpeg.rf.53149a77f660ee57b801821985b56070.jpg,1,0,1,0,0,0,FOOT-AND-MOUTH
foot-and-mouth/Diseased-dental-pad-10_jpg.rf.c09f9956639c9383acd5fe5cd7649e0a.jpg,1,0,1,0,0,0,FOOT-AND-MOUTH
foot-and-mouth/8400384539_93d1834718_o-382x600_jpg.rf.6d71f2aee8a547f238f61b17fa9f5d7c.jpg,1,0,1,0,0,0,FOOT-AND-MOUTH
foot-and-mouth/-59-_jpg.rf.c3c2731c53d37ccce633d7653952b940.jpg,1,0,1,0,0,0,FOOT-AND-MOUTH
foot-and-mouth/Diseased-dental-pad-14_jpg.rf.5e90f169538f26ab8f326dd0dc9b45f1.jpg,1,0,1,0,0,0,FOOT-AND-MOUTH
foot-and-mouth/teats_4-5_daysWM.jpg,1,0,1,0,0,0,FOOT-AND-MOUTH
foot-and-mouth/Capture_png.rf.837b0dcc2fd178a7cdd7eea78194423a.jpg,1,0,1,0,0,0,FOOT-AND-MOUTH
foot-and-mouth/FMD-Knuckles-_214_jpeg.rf.8e4e82b5fe2e63d67e185c83a975d6ff.jpg,1,0,1,0,0,0,FOOT-AND-MOUTH
foot-and-mouth/moazx-32-_jpg.rf.d0de17c3baa38f199c67c63d2a2a0b1c.jpg,1,0,1,0,0,0,FOOT-AND-MOUTH
foot-and-mouth/tongue-4-5_days_1WM.jpg,1,0,1,0,0,0,FOOT-AND-MOUTH
foot-and-mouth/FMD-Knuckles-_43-Copy_jpeg.rf.bf5277a8092f2021137c0fc93b88fa9b.jpg,1,0,1,0,0,0,FOOT-AND-MOUTH
foot-and-mouth/foot-and-mougth-3-_jpg.rf.66dc8ba498657ba51c6680c7b9a9c2ff.jpg,1,0,1,0,0,0,FOOT-AND-MOUTH
foot-and-mouth/FMD_23_jpg.rf.d4506f080c63887651de44967851ac0e.jpg,1,0,1,0,0,0,FOOT-AND-MOUTH
foot-and-mouth/-64-_jpg.rf.267bc0abaa1e518d95df93304231b153.jpg,1,0,1,0,0,0,FOOT-AND-MOUTH
foot-and-mouth/Diseased-dental-pad-5_jpg.rf.7969ead9ddf272dd9c770d043ffde4bf.jpg,1,0,1,0,0,0,FOOT-AND-MOUTH
foot-and-mouth/FMD_026_jpg.rf.487494b67d3c5fc4d4cb6dd18ab95d52 - Copy.jpg,1,0,1,0,0,0,FOOT-AND-MOUTH
foot-and-mouth/mosap-119-_jpg.rf.7bb12f2015f883dd8452abc5e62e4d41.jpg,1,0,1,0,0,0,FOOT-AND-MOUTH
foot-and-mouth/FMD_11_jpg.rf.fd09ec987cad72e6475a1ab599468f27.jpg,1,0,1,0,0,0,FOOT-AND-MOUTH
foot-and-mouth/FMD-Knuckles-_1-Copy_jpeg.rf.a6c0b0bbd7efde45389b55a85282afe2.jpg,1,0,1,0,0,0,FOOT-AND-MOUTH
foot-and-mouth/foot-and-mougth-17-_jpg.rf.1244c70ff3441bd241e2147d7b72d98d.jpg,1,0,1,0,0,0,FOOT-AND-MOUTH
foot-and-mouth/Diseased-dental-pad-25_jpg.rf.ab65220e0fc42f9c9e8a794123b756b9.jpg,1,0,1,0,0,0,FOOT-AND-MOUTH
foot-and-mouth/moazx-133-_jpg.rf.4d17e5c70d57f09a324c8142dc4e8faa.jpg,1,0,1,0,0,0,FOOT-AND-MOUTH
foot-and-mouth/moazx-155-_jpg.rf.39814b00cc9dd9e89ec5ba91f36575c9.jpg,1,0,1,0,0,0,FOOT-AND-MOUTH
foot-and-mouth/FMD_9_jpg.rf.5174e4f145a3fb57feeaae5296304aeb.jpg,1,0,1,0,0,0,FOOT-AND-MOUTH
foot-and-mouth/-3-_jpg.rf.049aacc240fa8fda1c4d50aadf93a7f0.jpg,1,0,1,0,0,0,FOOT-AND-MOUTH
foot-and-mouth/-9-_jpg.rf.4ec273fd751327d75143de0b1e64f505.jpg,1,0,1,0,0,0,FOOT-AND-MOUTH
foot-and-mouth/moazx-317-_jpg.rf.463921b28cd4a1084b580df315dd9a04.jpg,1,0,1,0,0,0,FOOT-AND-MOUTH
foot-and-mouth/Screenshot__-_-_-_-_-_-_-_-_-_-_-_-_-_-2_png_jpg.rf.ed1730e2cb886d075645ae0587183d69.jpg,1,0,1,0,0,0,FOOT-AND-MOUTH
foot-and-mouth/moazx-307-_jpg.rf.591421b3ec05e785d90a07fff63696d7.jpg,1,0,1,0,0,0,FOOT-AND-MOUTH
foot-and-mouth/Teats_4-6_daysWM.jpg,1,0,1,0,0,0,FOOT-AND-MOUTH
foot-and-mouth/moazx-113-_jpg.rf.b3fdfafdcb8dd634a79801c19892d67a.jpg,1,0,1,0,0,0,FOOT-AND-MOUTH
foot-and-mouth/moazx-144-_jpg.rf.25dca79d7a069fbc68b3e98364159ce1.jpg,1,0,1,0,0,0,FOOT-AND-MOUTH
foot-and-mouth/FMD_014_jpg.rf.c6b2904b274bb96a8251e4dd9acd2ee7.jpg,1,0,1,0,0,0,FOOT-AND-MOUTH
foot-and-mouth/Cows-head-open-mouth-12_jpg.rf.234073510bc6e40cdc2abf3045ac1fbe.jpg,1,0,1,0,0,0,FOOT-AND-MOUTH
foot-and-mouth/mouth4_days_3JMOKWM.jpg,1,0,1,0,0,0,FOOT-AND-MOUTH
foot-and-mouth/8386722892_03ec82fcfd_o-800x600_jpg.rf.d809bfb8534ce899dd8adc6e734c558c.jpg,1,0,1,0,0,0,FOOT-AND-MOUTH
foot-and-mouth/moazx-143-_jpg.rf.029d2a0b05b9bab298e4aa0a2bcb441d.jpg,1,0,1,0,0,0,FOOT-AND-MOUTH
foot-and-mouth/moazx-313-_jpg.rf.d757703459fac47072c6e5a39b4418b2.jpg,1,0,1,0,0,0,FOOT-AND-MOUTH
foot-and-mouth/mosap-116-_jpg.rf.679e2b3bc17068ad14425cfb9bc8f818.jpg,1,0,1,0,0,0,FOOT-AND-MOUTH
foot-and-mouth/FMD_2_jpg.rf.7b486690ed3ce87354fee20d59048623.jpg,1,0,1,0,0,0,FOOT-AND-MOUTH
foot-and-mouth/mouth_8-9_daysWM.jpg,1,0,1,0,0,0,FOOT-AND-MOUTH
foot-and-mouth/footlesion2WM-1.jpg,1,0,1,0,0,0,FOOT-AND-MOUTH
foot-and-mouth/Diseased-foot-16_jpg.rf.669d0d22550b680555d32b1f0d296e04.jpg,1,0,1,0,0,0,FOOT-AND-MOUTH
foot-and-mouth/foot-and-mougth-3-_png.rf.d4472253c800436d01eaca33524b2148.jpg,1,0,1,0,0,0,FOOT-AND-MOUTH
foot-and-mouth/cm6-8-1WM-1.jpg,1,0,1,0,0,0,FOOT-AND-MOUTH
foot-and-mouth/moazx-129-_jpg.rf.a88d3e1dfdc232cd255b5e1efbd6cb0f.jpg,1,0,1,0,0,0,FOOT-AND-MOUTH
foot-and-mouth/mouth_5-7_days_2WM.jpg,1,0,1,0,0,0,FOOT-AND-MOUTH
foot-and-mouth/mosap-361-_jpg.rf.48452e3f7a24514debd5bbce86d889f9.jpg,1,0,1,0,0,0,FOOT-AND-MOUTH
foot-and-mouth/mosap-106-_jpg.rf.fca5e20c566505fc2d107579e0861927.jpg,1,0,1,0,0,0,FOOT-AND-MOUTH
foot-and-mouth/mouth_4-5_days_2WM.jpg,1,0,1,0,0,0,FOOT-AND-MOUTH
foot-and-mouth/mosap-39-_jpg.rf.607c640111c6568d14b91a0753cbf2af.jpg,1,0,1,0,0,0,FOOT-AND-MOUTH
foot-and-mouth/4-foot-mouth-disease-fmd-vesicles-tongue-ulceration_jpg.rf.9d694269a3a8aa837f9903651cc45707.jpg,1,0,1,0,0,0,FOOT-AND-MOUTH
foot-and-mouth/mosap-130-_jpg.rf.83e9d3196e607455d968525bdff72903.jpg,1,0,1,0,0,0,FOOT-AND-MOUTH
foot-and-mouth/FMD__5_jpg.rf.0db86e13d2033453bc1425f0cba09602.jpg,1,0,1,0,0,0,FOOT-AND-MOUTH
foot-and-mouth/mosap-157-_jpg.rf.5414019aaf1c91916a25083066e9db1b.jpg,1,0,1,0,0,0,FOOT-AND-MOUTH
foot-and-mouth/mouth_3_days_JMOK3WM.jpg,1,0,1,0,0,0,FOOT-AND-MOUTH
foot-and-mouth/mosap-4-_jpg.rf.a0c4edfabdd59287cb3dc2cd0f3bf3cf.jpg,1,0,1,0,0,0,FOOT-AND-MOUTH
foot-and-mouth/mosap-355-_jpg.rf.e96b29f8ac0e5838b09b65ee97708fa2.jpg,1,0,1,0,0,0,FOOT-AND-MOUTH
foot-and-mouth/P1010971WM.jpg,1,0,1,0,0,0,FOOT-AND-MOUTH
foot-and-mouth/7-foot-mouth-disease-fmd-vesicle-coronary-band-lesion-lameness_jpg.rf.20c1d98aab173f0706dfe1eea6c08d2e.jpg,1,0,1,0,0,0,FOOT-AND-MOUTH
foot-and-mouth/FMD__4_jpg.rf.3ebe7f5afcb031a332c311f8691b9369.jpg,1,0,1,0,0,0,FOOT-AND-MOUTH
foot-and-mouth/-28-_jpg.rf.df47ba0d466593d17984ad9d9961dfc6.jpg,1,0,1,0,0,0,FOOT-AND-MOUTH
foot-and-mouth/moazx-122-_jpg.rf.fa61295684bced1ec3360072c8166053.jpg,1,0,1,0,0,0,FOOT-AND-MOUTH
foot-and-mouth/Diseased-dental-pad-24_jpg.rf.43fd117d083d45a3f5e45edc3359c589.jpg,1,0,1,0,0,0,FOOT-AND-MOUTH
foot-and-mouth/mosap-53-_jpg.rf.79e389dc96a2a052e8d0eaf9c47807e9.jpg,1,0,1,0,0,0,FOOT-AND-MOUTH
foot-and-mouth/foot-and-mougth-5-_png_jpg.rf.9750ef1a7d1c6067e6dfe64bdcd6a977.jpg,1,0,1,0,0,0,FOOT-AND-MOUTH
foot-and-mouth/mosap-93-_jpg.rf.ff5a7207c96b29e1421c0e8c8225a9f8.jpg,1,0,1,0,0,0,FOOT-AND-MOUTH
foot-and-mouth/moazx-156-_jpg.rf.d089a782c02688126b46221c35d2b980.jpg,1,0,1,0,0,0,FOOT-AND-MOUTH
foot-and-mouth/FMD_002_jpg.rf.edadca94ecbdf5668aef702f0a2a3153.jpg,1,0,1,0,0,0,FOOT-AND-MOUTH
foot-and-mouth/Diseased-dental-pad-4_jpg.rf.5fd53ee77c0c463682b505a94dcbb93e.jpg,1,0,1,0,0,0,FOOT-AND-MOUTH
foot-and-mouth/FMD_165_jpg.rf.0f460dc236c146f42e8923ef78c00e35.jpg,1,0,1,0,0,0,FOOT-AND-MOUTH
foot-and-mouth/FMD-Knuckles-_7-Copy_jpeg.rf.1df23e54b2e811276749502dc5d1ba9f.jpg,1,0,1,0,0,0,FOOT-AND-MOUTH
foot-and-mouth/3-foot-mouth-disease-fmd-salivation-vesicles_jpg.rf.6f2bf9567ac7172684005cadfedb69c0.jpg,1,0,1,0,0,0,FOOT-AND-MOUTH
foot-and-mouth/-45-_jpg.rf.1e3f54c6fd1e3f59147dca25a1f47038.jpg,1,0,1,0,0,0,FOOT-AND-MOUTH
foot-and-mouth/mosap-144-_jpg.rf.bc15eacd2ca54437f04f8a2980f42cbd.jpg,1,0,1,0,0,0,FOOT-AND-MOUTH
foot-and-mouth/FMD-Knuckles-_225_jpeg.rf.0e0efefc55ca171a1137b34a35cfdcc8.jpg,1,0,1,0,0,0,FOOT-AND-MOUTH
foot-and-mouth/FMD__14_jpg.rf.6cc648ca73b0370583f7cc2c5356ea9f.jpg,1,0,1,0,0,0,FOOT-AND-MOUTH
foot-and-mouth/mosap-140-_jpg.rf.680e857fe02ca97c36073ae7906a9de1.jpg,1,0,1,0,0,0,FOOT-AND-MOUTH
foot-and-mouth/mosap-416-_jpg.rf.be4ba9955b4085f1b8d85e4ac57d1f27.jpg,1,0,1,0,0,0,FOOT-AND-MOUTH
foot-and-mouth/mosap-68-_jpg.rf.b53792e6d8343cb0c42bc506d797e32a.jpg,1,0,1,0,0,0,FOOT-AND-MOUTH
foot-and-mouth/FMD_031_jpg.rf.9058a81d63e12e5d390d8eda1e49187a.jpg,1,0,1,0,0,0,FOOT-AND-MOUTH
foot-and-mouth/Teats_3-4 daysWM.jpg,1,0,1,0,0,0,FOOT-AND-MOUTH
foot-and-mouth/mosap-84-_jpg.rf.532e7fb88044dab552196b43ef58254c.jpg,1,0,1,0,0,0,FOOT-AND-MOUTH
foot-and-mouth/moazx-9-_jpg.rf.f717a6234b6599302ce115c825392ac5.jpg,1,0,1,0,0,0,FOOT-AND-MOUTH
foot-and-mouth/foot-and-mougth-10-_jpg.rf.1869f307d65e3e336675e447dad0f087.jpg,1,0,1,0,0,0,FOOT-AND-MOUTH
foot-and-mouth/mosap-15-_jpg.rf.6477fe45d40ff72827b3c2bc1400e84a.jpg,1,0,1,0,0,0,FOOT-AND-MOUTH
foot-and-mouth/-50-_jpg.rf.dd8523974ad4b4c1e6fefaab15cb859f.jpg,1,0,1,0,0,0,FOOT-AND-MOUTH
foot-and-mouth/FMD_4_jpg.rf.1902a88d44f61359badb88bfa162361b.jpg,1,0,1,0,0,0,FOOT-AND-MOUTH
foot-and-mouth/FMD_11_jpg.rf.746c86a20217d92273f1af2562d29b9e.jpg,1,0,1,0,0,0,FOOT-AND-MOUTH
foot-and-mouth/FMD__5_jpg.rf.d8d47f461fd207901d742de0a52e14ea.jpg,1,0,1,0,0,0,FOOT-AND-MOUTH
foot-and-mouth/6_png.rf.ff12ab32b4c51e61dafa88d98593ddc9.jpg,1,0,1,0,0,0,FOOT-AND-MOUTH
foot-and-mouth/FMD_39_jpg.rf.c0a84344a0627e4abe66be6484d6360a.jpg,1,0,1,0,0,0,FOOT-AND-MOUTH
foot-and-mouth/mosap-120-_jpg.rf.3a110886e4bad1ade5e39df7507f1242.jpg,1,0,1,0,0,0,FOOT-AND-MOUTH
foot-and-mouth/moazx-125-_jpg.rf.df20a7e1561a9af747e252019c9dc735.jpg,1,0,1,0,0,0,FOOT-AND-MOUTH
foot-and-mouth/mosap-368-_jpg.rf.5f81ec484850e9c89f40c441e88fb336.jpg,1,0,1,0,0,0,FOOT-AND-MOUTH
foot-and-mouth/pigm 0-1d-1WM-1.jpg,1,0,1,0,0,0,FOOT-AND-MOUTH
foot-and-mouth/8556484617_a275fe6de6_bWM-1.jpg,1,0,1,0,0,0,FOOT-AND-MOUTH
foot-and-mouth/Screenshot__-_-_-_-_-_-_-_-_-_-_-_-_-_-_png_jpg.rf.dd5c40eb6a04fd109b61985379dcad9d.jpg,1,0,1,0,0,0,FOOT-AND-MOUTH
foot-and-mouth/moazx-139-_jpg.rf.c40b1b7390469fc0590a9c5a70aa8555.jpg,1,0,1,0,0,0,FOOT-AND-MOUTH
foot-and-mouth/moazx-324-_jpg.rf.e40c2f2a7cdcc0ce1c1a2ff3bb5d84c5.jpg,1,0,1,0,0,0,FOOT-AND-MOUTH
foot-and-mouth/-40-_jpg.rf.c21575ba66300e6e46eba90327a7a1ff.jpg,1,0,1,0,0,0,FOOT-AND-MOUTH
foot-and-mouth/moazx-116-_jpg.rf.4f262e16bae1ca5700499272f2255bf0.jpg,1,0,1,0,0,0,FOOT-AND-MOUTH
foot-and-mouth/mosap-428-_jpg.rf.da1f41e7622c799f1229d3dc30486349.jpg,1,0,1,0,0,0,FOOT-AND-MOUTH
foot-and-mouth/FMD__15_jpg.rf.017fafc293c9fac275febb88e4da6981.jpg,1,0,1,0,0,0,FOOT-AND-MOUTH
foot-and-mouth/mosap-18-_jpg.rf.f4dfa4026e8835a23b8539c681707e3b.jpg,1,0,1,0,0,0,FOOT-AND-MOUTH
foot-and-mouth/Diseased-dental-pad-7_jpg.rf.320982f4fd68eacb279cb06324bcc7ff.jpg,1,0,1,0,0,0,FOOT-AND-MOUTH
foot-and-mouth/FMD_116_jpg.rf.f87c74e30543605575cf4c2ab0e4d376.jpg,1,0,1,0,0,0,FOOT-AND-MOUTH
foot-and-mouth/ct 3-4-1WM-1.jpg,1,0,1,0,0,0,FOOT-AND-MOUTH
foot-and-mouth/mosap-150-_jpg.rf.e102712db63fb07efab088174edd4783.jpg,1,0,1,0,0,0,FOOT-AND-MOUTH
foot-and-mouth/DSCN8982.JPG,1,0,1,0,0,0,FOOT-AND-MOUTH
foot-and-mouth/mosap-139-_jpg.rf.06cfa4b068bc87d1ae1bcc63c4ee23c3.jpg,1,0,1,0,0,0,FOOT-AND-MOUTH
foot-and-mouth/FMD_022_jpg.rf.0595dae583d437a482e5dcf60798e392 - Copy.jpg,1,0,1,0,0,0,FOOT-AND-MOUTH
foot-and-mouth/mosap-390-_jpg.rf.4482ed911af5ec8462b085442f1c87a1.jpg,1,0,1,0,0,0,FOOT-AND-MOUTH
foot-and-mouth/FMD-bov-mouth-14-Copy-10-_jpg.rf.93d0a781c5cccbe89c8b7c22763274a2.jpg,1,0,1,0,0,0,FOOT-AND-MOUTH
foot-and-mouth/-17-_jpg.rf.4afd6b88ba370293b53382e1e05057e6.jpg,1,0,1,0,0,0,FOOT-AND-MOUTH
foot-and-mouth/mosap-60-_jpg.rf.1d8f286462f64741a49d357152b3ae72.jpg,1,0,1,0,0,0,FOOT-AND-MOUTH
foot-and-mouth/123qe-58-_jpg.rf.a8ba32a1cd59ab806034cfef5a2d5082.jpg,1,0,1,0,0,0,FOOT-AND-MOUTH
foot-and-mouth/ct 1-1 (1)WM-1.jpg,1,0,1,0,0,0,FOOT-AND-MOUTH
foot-and-mouth/Cows-head-open-mouth-15_jpg.rf.4adcfb7273851af643bafd2d4f269ca6.jpg,1,0,1,0,0,0,FOOT-AND-MOUTH
foot-and-mouth/FMD__1_jpg.rf.36e50a28a896756596b239cc7b4d5d03.jpg,1,0,1,0,0,0,FOOT-AND-MOUTH
foot-and-mouth/moazx-17-_jpg.rf.e8017e49baf7508376fd12138382af7b.jpg,1,0,1,0,0,0,FOOT-AND-MOUTH
foot-and-mouth/mosap-70-_jpg.rf.9295d69f3d68ee98fb8296a872c60e09.jpg,1,0,1,0,0,0,FOOT-AND-MOUTH
foot-and-mouth/8385612573_09b0d5a494_o-622x600_jpg.rf.282bea711e58cf8aaadff513a3a2285f.jpg,1,0,1,0,0,0,FOOT-AND-MOUTH
foot-and-mouth/FMD_4_jpg.rf.9b0eb8788b38ed14249abc74245b2a0d.jpg,1,0,1,0,0,0,FOOT-AND-MOUTH
foot-and-mouth/5-day-vesicle-steer-foot_jpg.rf.9f6a5b070e044c782556866eac3d3bbe.jpg,1,0,1,0,0,0,FOOT-AND-MOUTH
foot-and-mouth/-23-_jpg.rf.99abd59b00f85ee22dd4ed4f89589a68.jpg,1,0,1,0,0,0,FOOT-AND-MOUTH
foot-and-mouth/foot-and-mougth-17-_jpeg.rf.0b5f147c70f94a8b30d303116584b5a8.jpg,1,0,1,0,0,0,FOOT-AND-MOUTH
foot-and-mouth/Diseased-foot-9_jpg.rf.682ce915347993a671da52b3be60de48.jpg,1,0,1,0,0,0,FOOT-AND-MOUTH
foot-and-mouth/FMD__7_jpg.rf.bd48940435684bcc8d2538dd40fe901e.jpg,1,0,1,0,0,0,FOOT-AND-MOUTH
foot-and-mouth/FMD_1_jpg.rf.46fa45b6d4a3dc3a782a1dd6c53be5f4.jpg,1,0,1,0,0,0,FOOT-AND-MOUTH
foot-and-mouth/moazx-154-_jpg.rf.42314e7c4c6696d91b39419a773c87b2.jpg,1,0,1,0,0,0,FOOT-AND-MOUTH
foot-and-mouth/teats_unrupted 1dayWM.jpg,1,0,1,0,0,0,FOOT-AND-MOUTH
foot-and-mouth/-56-_jpg.rf.1a6e1993b6d24e12f9e025edd628162e.jpg,1,0,1,0,0,0,FOOT-AND-MOUTH
foot-and-mouth/FMD_17_jpg.rf.11949ccdf2b9783eae5ab0acf167952f.jpg,1,0,1,0,0,0,FOOT-AND-MOUTH
foot-and-mouth/FMD_009_jpg.rf.3b48b20684168071aa3c173adab482a7.jpg,1,0,1,0,0,0,FOOT-AND-MOUTH
foot-and-mouth/mosap-360-_jpg.rf.05b16b16255ec9c6efde09239b42e397.jpg,1,0,1,0,0,0,FOOT-AND-MOUTH
foot-and-mouth/moazx-23-_jpg.rf.b6091bfebb5f89bc0f0e4c9e35f235f9.jpg,1,0,1,0,0,0,FOOT-AND-MOUTH
foot-and-mouth/FMD-foot-lesions-13_jpg.rf.abb26b8d7043297c0e75bcf8351b4f71.jpg,1,0,1,0,0,0,FOOT-AND-MOUTH
foot-and-mouth/-20-_jpg.rf.ac8c961dc74f419a4828b437a21d02c8.jpg,1,0,1,0,0,0,FOOT-AND-MOUTH
foot-and-mouth/mosap-142-_jpg.rf.e519e14196588a40f993a2d6759a4cad.jpg,1,0,1,0,0,0,FOOT-AND-MOUTH
foot-and-mouth/Diseased-dental-pad-14_jpg.rf.352967a799c0c822abb89fdf2ffcff46.jpg,1,0,1,0,0,0,FOOT-AND-MOUTH
foot-and-mouth/mosap-155-_jpg.rf.a652cf723156e553d09b197b4b1f63bd.jpg,1,0,1,0,0,0,FOOT-AND-MOUTH
foot-and-mouth/Diseased-dental-pad-19_jpg.rf.16b91c2558c5b8bada6201d77f98e40d.jpg,1,0,1,0,0,0,FOOT-AND-MOUTH
foot-and-mouth/FMD_22_jpg.rf.0a249c2451a8767460070a0d7621743b.jpg,1,0,1,0,0,0,FOOT-AND-MOUTH
foot-and-mouth/moazx-142-_jpg.rf.13ac114817b860231717f6bb4b1848cf.jpg,1,0,1,0,0,0,FOOT-AND-MOUTH
foot-and-mouth/mosap-124-_jpg.rf.591d3797ad8069bd89bcd06545fa2098.jpg,1,0,1,0,0,0,FOOT-AND-MOUTH
foot-and-mouth/pigf 4-5d-1WM-1.jpg,1,0,1,0,0,0,FOOT-AND-MOUTH
foot-and-mouth/foot-and-mougth-1-_jpeg.rf.e1276bc03e68cc8156c80f95b0e4780d.jpg,1,0,1,0,0,0,FOOT-AND-MOUTH
foot-and-mouth/cm1-1WM-1.jpg,1,0,1,0,0,0,FOOT-AND-MOUTH
foot-and-mouth/foot-and-mougth-4-_png.rf.77b3e7fb45a2717bdf3f69d67f2d3ae4.jpg,1,0,1,0,0,0,FOOT-AND-MOUTH
foot-and-mouth/mouth WM.jpg,1,0,1,0,0,0,FOOT-AND-MOUTH
foot-and-mouth/FMD_001_jpg.rf.80292dc75269b6d4794de313db816e33.jpg,1,0,1,0,0,0,FOOT-AND-MOUTH
foot-and-mouth/moazx-118-_jpg.rf.66bd7b18c3591edf8f4e473c0bb148f9.jpg,1,0,1,0,0,0,FOOT-AND-MOUTH
foot-and-mouth/cm2-2WM-1.jpg,1,0,1,0,0,0,FOOT-AND-MOUTH
foot-and-mouth/-14-_jpg.rf.a010c87f02f9edb905ec50d2f10e96f6.jpg,1,0,1,0,0,0,FOOT-AND-MOUTH
foot-and-mouth/moazx-120-_jpg.rf.ca8098af004b68da0d6d7bce74200c66.jpg,1,0,1,0,0,0,FOOT-AND-MOUTH
foot-and-mouth/mouth_and_tongue 2-4_daysWM.jpg,1,0,1,0,0,0,FOOT-AND-MOUTH
foot-and-mouth/mosap-138-_jpg.rf.2b365ff59155d3562fea958d1763237c.jpg,1,0,1,0,0,0,FOOT-AND-MOUTH
foot-and-mouth/-29-_jpg.rf.04322c53549fe03d89b2710a6238f0e6.jpg,1,0,1,0,0,0,FOOT-AND-MOUTH
foot-and-mouth/mouthfibrinWM.jpg,1,0,1,0,0,0,FOOT-AND-MOUTH
foot-and-mouth/cf2-3d-2WM.jpg,1,0,1,0,0,0,FOOT-AND-MOUTH
foot-and-mouth/mosap-54-_jpg.rf.a99fcc3738d0aa7473e159e30ee5752c.jpg,1,0,1,0,0,0,FOOT-AND-MOUTH
foot-and-mouth/moazx-149-_jpg.rf.7d6c7210d7528f466a570ecddb01dd6e.jpg,1,0,1,0,0,0,FOOT-AND-MOUTH
foot-and-mouth/foot-and-mougth-18-_jpg.rf.93e34163ac94abb8789ae503489d5599.jpg,1,0,1,0,0,0,FOOT-AND-MOUTH
foot-and-mouth/moazx-24-_jpg.rf.336c1b9239e1df87b01c20b2c8f61c00.jpg,1,0,1,0,0,0,FOOT-AND-MOUTH
foot-and-mouth/mosap-454-_jpg.rf.ae1c9c8b9ed7596a5a8b635a527a9fcd.jpg,1,0,1,0,0,0,FOOT-AND-MOUTH
foot-and-mouth/moazx-107-_jpg.rf.f82e84d5b43f3061b09e97c02579d8d6.jpg,1,0,1,0,0,0,FOOT-AND-MOUTH
foot-and-mouth/cf_2-3d-2WM-1.jpg,1,0,1,0,0,0,FOOT-AND-MOUTH
foot-and-mouth/moazx-111-_jpg.rf.9513246863d52b4ec30228db9189955b.jpg,1,0,1,0,0,0,FOOT-AND-MOUTH
foot-and-mouth/FMD_032_jpg.rf.cfc20399287e9ee87ee5ff1763fbfab5.jpg,1,0,1,0,0,0,FOOT-AND-MOUTH
foot-and-mouth/foot-and-mougth-21-_jpg.rf.cffe93aefedf480b7efc9a2359f668b2.jpg,1,0,1,0,0,0,FOOT-AND-MOUTH
foot-and-mouth/FMD-Knuckles-_192_jpeg.rf.4871a640e847028768f94b1222f50303.jpg,1,0,1,0,0,0,FOOT-AND-MOUTH
foot-and-mouth/mosap-132-_jpg.rf.d2941b917efb84d93b7186b3302c8b8d.jpg,1,0,1,0,0,0,FOOT-AND-MOUTH
foot-and-mouth/Diseased-foot-14_jpg.rf.aa09d0132e684019bff881d3f1850e5d.jpg,1,0,1,0,0,0,FOOT-AND-MOUTH
foot-and-mouth/mosap-114-_jpg.rf.632ac082dd93b32182077c48520306fb.jpg,1,0,1,0,0,0,FOOT-AND-MOUTH
foot-and-mouth/-22-_jpg.rf.9e7242469136e509b40735cb1db64d3a.jpg,1,0,1,0,0,0,FOOT-AND-MOUTH
foot-and-mouth/-27-_jpg.rf.024f1e3d9b8c5e63c8c17f536948c51e.jpg,1,0,1,0,0,0,FOOT-AND-MOUTH
foot-and-mouth/FMD__16_jpg.rf.d0b1082df4b6717360f38bc1654097c5.jpg,1,0,1,0,0,0,FOOT-AND-MOUTH
foot-and-mouth/FMD-Knuckles-_206_jpeg.rf.08a0dc2124ac0916d2fbb5bf5b50ba64.jpg,1,0,1,0,0,0,FOOT-AND-MOUTH
foot-and-mouth/mosap-30-_jpg.rf.3b75fb1904909d256158d07f84c9a52d.jpg,1,0,1,0,0,0,FOOT-AND-MOUTH
foot-and-mouth/moazx-135-_jpg.rf.0d84cc738a8de3414a8dd52b1b63a686.jpg,1,0,1,0,0,0,FOOT-AND-MOUTH
foot-and-mouth/IMG_2691WM.jpg,1,0,1,0,0,0,FOOT-AND-MOUTH
foot-and-mouth/img1025.jpg,1,0,1,0,0,0,FOOT-AND-MOUTH
foot-and-mouth/foot-and-mougth-10-_png_jpg.rf.7413233c05b6fa1a2ac03ecaf9b19a4d.jpg,1,0,1,0,0,0,FOOT-AND-MOUTH
foot-and-mouth/mosap-429-_jpg.rf.4f99bb9ae569804390558c2e5e3a70fb.jpg,1,0,1,0,0,0,FOOT-AND-MOUTH
foot-and-mouth/mosap-422-_jpg.rf.55008fd24dd5a90435f54f1996548517.jpg,1,0,1,0,0,0,FOOT-AND-MOUTH
foot-and-mouth/mosap-375-_jpg.rf.a9f47ca6677d0c6d90d53fe6e4fa2ab2.jpg,1,0,1,0,0,0,FOOT-AND-MOUTH
foot-and-mouth/mosap-107-_jpg.rf.b867ca7637b49ef5492013dcb20d6576.jpg,1,0,1,0,0,0,FOOT-AND-MOUTH
foot-and-mouth/FMD_18_jpg.rf.d430b0cf9349e408974dd2c5c9c27a34.jpg,1,0,1,0,0,0,FOOT-AND-MOUTH
foot-and-mouth/moazx-104-_jpg.rf.1d3c8793434686a4183ff9e322f3361d.jpg,1,0,1,0,0,0,FOOT-AND-MOUTH
foot-and-mouth/mouth_1_dayWM.jpg,1,0,1,0,0,0,FOOT-AND-MOUTH
foot-and-mouth/tongue_4-5_daysWM.jpg,1,0,1,0,0,0,FOOT-AND-MOUTH
foot-and-mouth/FMD_120_jpg.rf.855b47c1b2bf3b8e104eb6579dc3175c.jpg,1,0,1,0,0,0,FOOT-AND-MOUTH
foot-and-mouth/mosap-110-_jpg.rf.fd10a4c9abc7d780d444f71151038af1.jpg,1,0,1,0,0,0,FOOT-AND-MOUTH
foot-and-mouth/13-contagious-ovine-digital-dermatitis-codd_jpg.rf.12e4f18746a7b74bf28ab0f08c5cf574.jpg,1,0,1,0,0,0,FOOT-AND-MOUTH
foot-and-mouth/moazx-128-_jpg.rf.6793e08d4974a331269b1c7deafd9b89.jpg,1,0,1,0,0,0,FOOT-AND-MOUTH
foot-and-mouth/moazx-10-_jpg.rf.5884284317b7324920fa8c0c4f6c3404.jpg,1,0,1,0,0,0,FOOT-AND-MOUTH
foot-and-mouth/-30-_jpg.rf.46fe7725df311ae1ccaad2283e2b9fcf.jpg,1,0,1,0,0,0,FOOT-AND-MOUTH
foot-and-mouth/mosap-163-_jpg.rf.f0ab85af27186c7d482343d3886c7509.jpg,1,0,1,0,0,0,FOOT-AND-MOUTH
foot-and-mouth/Foot-and-mouth-disease-in-cattle_fmd_000057_jpg.rf.1464fa853af89bc8340f9ae96dad4c9c.jpg,1,0,1,0,0,0,FOOT-AND-MOUTH
foot-and-mouth/-13-_jpg.rf.d0856413cfecd933cf5d87410de09e3a.jpg,1,0,1,0,0,0,FOOT-AND-MOUTH
foot-and-mouth/moazx-121-_jpg.rf.8160c7e162ff07b48d1e02f27869a821.jpg,1,0,1,0,0,0,FOOT-AND-MOUTH
foot-and-mouth/FMD_10_jpg.rf.8c12d606ecf9e50b86844c124d980dd9.jpg,1,0,1,0,0,0,FOOT-AND-MOUTH
foot-and-mouth/mosap-133-_jpg.rf.087f424cf1a29a6d53d4fce8492feca2.jpg,1,0,1,0,0,0,FOOT-AND-MOUTH
foot-and-mouth/FMD_23_jpg.rf.5e1d53e50ed8e7552f4edf26c2f9698a - Copy.jpg,1,0,1,0,0,0,FOOT-AND-MOUTH
foot-and-mouth/pigm 3-4d-1WM-1.jpg,1,0,1,0,0,0,FOOT-AND-MOUTH
foot-and-mouth/-5-_jpg.rf.44389b489d1b7a5682baa9e36fe345e1.jpg,1,0,1,0,0,0,FOOT-AND-MOUTH
foot-and-mouth/DSCN0059.jpg,1,0,1,0,0,0,FOOT-AND-MOUTH
foot-and-mouth/Cows-head-open-mouth-1_jpeg.rf.edd02298b1753b29b465baccd39f437a.jpg,1,0,1,0,0,0,FOOT-AND-MOUTH
foot-and-mouth/mosap-100-_jpg.rf.d4096d39f42d097e2070bfe4b507b2eb.jpg,1,0,1,0,0,0,FOOT-AND-MOUTH
foot-and-mouth/FMD_013_jpg.rf.7819a9e46babc189ba6b8a7eb79b2a6f.jpg,1,0,1,0,0,0,FOOT-AND-MOUTH
foot-and-mouth/FMD__14_jpg.rf.9260d4c5f5d1f89f12be4ecb981d16be.jpg,1,0,1,0,0,0,FOOT-AND-MOUTH
foot-and-mouth/mosap-136-_jpg.rf.b389db60e6106238290dd29f3544b438.jpg,1,0,1,0,0,0,FOOT-AND-MOUTH
foot-and-mouth/mosap-153-_jpg.rf.b392fbc52855eb63db63dbff5b112bbe.jpg,1,0,1,0,0,0,FOOT-AND-MOUTH
foot-and-mouth/moazx-320-_jpg.rf.670b0edba02b1d326f6244fa2affc107.jpg,1,0,1,0,0,0,FOOT-AND-MOUTH
foot-and-mouth/-15-_jpg.rf.7bd97d4dd140f2fd0149627463ee132b.jpg,1,0,1,0,0,0,FOOT-AND-MOUTH
foot-and-mouth/DSCN2563.JPG,1,0,1,0,0,0,FOOT-AND-MOUTH
foot-and-mouth/mosap-134-_jpg.rf.e546fae68a7392a82dac6f52e32fc13f.jpg,1,0,1,0,0,0,FOOT-AND-MOUTH
foot-and-mouth/FMD_054_jpg.rf.46f289289c1ad13ce22384dfcf59b008.jpg,1,0,1,0,0,0,FOOT-AND-MOUTH
foot-and-mouth/moazx-130-_jpg.rf.fe83cc6ab87b2e35fde6baac4ec18209.jpg,1,0,1,0,0,0,FOOT-AND-MOUTH
foot-and-mouth/-19-_jpg.rf.a836d466864125a2118a684a7a20a434.jpg,1,0,1,0,0,0,FOOT-AND-MOUTH
foot-and-mouth/cm5-7-1WM-1.jpg,1,0,1,0,0,0,FOOT-AND-MOUTH
foot-and-mouth/FMD_041_jpg.rf.b541132b95a8f052457bd5725e3463b6.jpg,1,0,1,0,0,0,FOOT-AND-MOUTH
foot-and-mouth/Cows-head-open-mouth-13_jpg.rf.cff4b3b32f1112df268370430ab08ebf.jpg,1,0,1,0,0,0,FOOT-AND-MOUTH
foot-and-mouth/moazx-112-_jpg.rf.e1f67aef3e970bba839c8d2f9cf7dea4.jpg,1,0,1,0,0,0,FOOT-AND-MOUTH
foot-and-mouth/moazx-11-_jpg.rf.e61f33e77357e493b5f1be1f9d817905.jpg,1,0,1,0,0,0,FOOT-AND-MOUTH
foot-and-mouth/moazx-132-_jpg.rf.af8253efa0289c821014539c8110757f.jpg,1,0,1,0,0,0,FOOT-AND-MOUTH
foot-and-mouth/foot-and-mougth-14-_jpg.rf.04bb47f752219184e2821b98c5e6acfc.jpg,1,0,1,0,0,0,FOOT-AND-MOUTH
foot-and-mouth/FMD-Knuckles-_210_jpeg.rf.96613305f968eb7b13dd5a6aa7b8d05f.jpg,1,0,1,0,0,0,FOOT-AND-MOUTH
foot-and-mouth/mosap-105-_jpg.rf.a19262a5f56272819167fb9840ae8054.jpg,1,0,1,0,0,0,FOOT-AND-MOUTH
foot-and-mouth/moazx-106-_jpg.rf.4ce0964efed9b627aae2464e2e45a3e5.jpg,1,0,1,0,0,0,FOOT-AND-MOUTH
foot-and-mouth/moazx-138-_jpg.rf.576284e3f71489b5442e5c0a2289fd0f.jpg,1,0,1,0,0,0,FOOT-AND-MOUTH
foot-and-mouth/-7-_jpg.rf.8d9bbfe47b24353fa10a1b9e50b3398a.jpg,1,0,1,0,0,0,FOOT-AND-MOUTH
foot-and-mouth/Diseased-dental-pad-32_jpg.rf.237d8e030fd1ba04ec5604912d653314.jpg,1,0,1,0,0,0,FOOT-AND-MOUTH
foot-and-mouth/-10-_jpg.rf.41fcfc66abb914e0e35794d81ad6c11a.jpg,1,0,1,0,0,0,FOOT-AND-MOUTH
foot-and-mouth/Diseased-dental-pad-35_jpg.rf.0965d17d45cb5f2114fee9d2e96807af.jpg,1,0,1,0,0,0,FOOT-AND-MOUTH
foot-and-mouth/moazx-124-_jpg.rf.fa79881f6de25b2e8f460bd58515fa28.jpg,1,0,1,0,0,0,FOOT-AND-MOUTH
foot-and-mouth/moazx-102-_jpg.rf.21accd0bc61ddda8e087cf08d31a3444.jpg,1,0,1,0,0,0,FOOT-AND-MOUTH
foot-and-mouth/teats_healing occuredWM.jpg,1,0,1,0,0,0,FOOT-AND-MOUTH
foot-and-mouth/FMD_1_jpg.rf.49a25f605282c5bbcbb8cf54bab63cf2.jpg,1,0,1,0,0,0,FOOT-AND-MOUTH
foot-and-mouth/foot-and-mougth-26-_jpg.rf.01ef0f1584fe4557e7b0beaa5930b870.jpg,1,0,1,0,0,0,FOOT-AND-MOUTH
foot-and-mouth/mosap-137-_jpg.rf.f11c24edf7832a30e762e55f208e0778.jpg,1,0,1,0,0,0,FOOT-AND-MOUTH
foot-and-mouth/-1-_jpg.rf.6d3e8fb103569503844b178ef99c9b16.jpg,1,0,1,0,0,0,FOOT-AND-MOUTH
foot-and-mouth/Diseased-foot-19_jpg.rf.5332c0f68cd5dbd13b0266a3d1a722fa.jpg,1,0,1,0,0,0,FOOT-AND-MOUTH
foot-and-mouth/mosap-129-_jpg.rf.f006e709edc0e128309ac52b9b6d2d7a.jpg,1,0,1,0,0,0,FOOT-AND-MOUTH
foot-and-mouth/moazx-110-_jpg.rf.9b47113e49b8d8dbdde22829f005cc9a.jpg,1,0,1,0,0,0,FOOT-AND-MOUTH
foot-and-mouth/-31-_jpg.rf.fce3f57c43306fe3c415dc395a0164f6.jpg,1,0,1,0,0,0,FOOT-AND-MOUTH
foot-and-mouth/mosap-92-_jpg.rf.edf744788665d6e58c2282ea707e4784.jpg,1,0,1,0,0,0,FOOT-AND-MOUTH
foot-and-mouth/pigf10d-8WM-1.jpg,1,0,1,0,0,0,FOOT-AND-MOUTH
foot-and-mouth/foot-and-mougth-3-_jpg.rf.3613419e05c2d0b2ae3515b6bdd68f2c.jpg,1,0,1,0,0,0,FOOT-AND-MOUTH
foot-and-mouth/mosap-52-_jpg.rf.5b6f3c39c140dc8a5cfc74d7de23519d.jpg,1,0,1,0,0,0,FOOT-AND-MOUTH
foot-and-mouth/bvd-md-bulbs-heel-lesion_jpg.rf.eaa3c17e2429635c02a37cf37be06e79.jpg,1,0,1,0,0,0,FOOT-AND-MOUTH
foot-and-mouth/-8-_jpg.rf.b490d0ab7c7062cd8c399fb8d51c8ab1.jpg,1,0,1,0,0,0,FOOT-AND-MOUTH
foot-and-mouth/FMD_107_jpg.rf.c88036bdc636beb1ec64ae49d4bebd13.jpg,1,0,1,0,0,0,FOOT-AND-MOUTH
foot-and-mouth/-32-_jpg.rf.0d7187c3a1ee018df9ce79da5b57463d.jpg,1,0,1,0,0,0,FOOT-AND-MOUTH
foot-and-mouth/FMD-Knuckles-_155_jpeg.rf.09c767669dfde6e4d89320485ad147a4.jpg,1,0,1,0,0,0,FOOT-AND-MOUTH
foot-and-mouth/-16-_jpg.rf.469ae7b9022b798440d20a387f714fad.jpg,1,0,1,0,0,0,FOOT-AND-MOUTH
foot-and-mouth/mosap-16-_jpg.rf.b7d486bd1b4fab2d8fdee8d6e38289d6.jpg,1,0,1,0,0,0,FOOT-AND-MOUTH
foot-and-mouth/mosap-366-_jpg.rf.0ade5afc431db11d3302baec1de7c20d.jpg,1,0,1,0,0,0,FOOT-AND-MOUTH
foot-and-mouth/FMD_17_jpg.rf.12d3739e802668f9dab7bf6c9bf13d53.jpg,1,0,1,0,0,0,FOOT-AND-MOUTH
foot-and-mouth/mosap-112-_jpg.rf.be2c3c2c89f43b8846a4be7025cfec8b.jpg,1,0,1,0,0,0,FOOT-AND-MOUTH
foot-and-mouth/FMD_107_jpg.rf.b8570c957da891818e0a41d80e9252ea.jpg,1,0,1,0,0,0,FOOT-AND-MOUTH
foot-and-mouth/mosap-438-_jpg.rf.aa09afa81de344f5244d71535278cd18.jpg,1,0,1,0,0,0,FOOT-AND-MOUTH
foot-and-mouth/FMD_7_jpg.rf.51d9903ea349ac94fdac92448c792bc0.jpg,1,0,1,0,0,0,FOOT-AND-MOUTH
foot-and-mouth/Diseased-foot-13_jpg.rf.a7a1c706c7128a6a1c532e5511162df4.jpg,1,0,1,0,0,0,FOOT-AND-MOUTH
foot-and-mouth/Diseased-dental-pad-15_jpg.rf.3ee9bdf89acb54d69a8bd49d02899cd7.jpg,1,0,1,0,0,0,FOOT-AND-MOUTH
foot-and-mouth/moazx-36-_jpg.rf.94768fb400eedee42c7d32f729c55a23.jpg,1,0,1,0,0,0,FOOT-AND-MOUTH
foot-and-mouth/mosap-80-_jpg.rf.120fa1e47e9184944a0905372d7f9ebb.jpg,1,0,1,0,0,0,FOOT-AND-MOUTH
foot-and-mouth/Diseased-dental-pad-36_jpg.rf.5dc1b0bb42ec944d87921d1e38216072.jpg,1,0,1,0,0,0,FOOT-AND-MOUTH
foot-and-mouth/foot-and-mougth-12-_jpeg.rf.f0880bb53a0eb3bb4b0f8816bc4f1686.jpg,1,0,1,0,0,0,FOOT-AND-MOUTH
foot-and-mouth/mosap-141-_jpg.rf.99b24d7e3bcc733705bbe4655fdf0562.jpg,1,0,1,0,0,0,FOOT-AND-MOUTH
foot-and-mouth/footlesionWM-1.jpg,1,0,1,0,0,0,FOOT-AND-MOUTH
foot-and-mouth/cm 14-1sWM-1.jpg,1,0,1,0,0,0,FOOT-AND-MOUTH
foot-and-mouth/10-day-lesions-steer-tongue_jpg.rf.124032dc3c0402b5e77931480510a213.jpg,1,0,1,0,0,0,FOOT-AND-MOUTH
foot-and-mouth/mosap-24-_jpg.rf.9ad6c2f42585aa91b18986899ca928fc.jpg,1,0,1,0,0,0,FOOT-AND-MOUTH
foot-and-mouth/mosap-55-_jpg.rf.a6ba9b10c1d9dbe38b086d6fb4e97699.jpg,1,0,1,0,0,0,FOOT-AND-MOUTH
foot-and-mouth/cm2-1WM-1.jpg,1,0,1,0,0,0,FOOT-AND-MOUTH
foot-and-mouth/mosap-64-_jpg.rf.56854a94dc543582652bffc9b6e2890b.jpg,1,0,1,0,0,0,FOOT-AND-MOUTH
foot-and-mouth/ct 2-3-2 (1)WM-1.jpg,1,0,1,0,0,0,FOOT-AND-MOUTH
foot-and-mouth/Capture3_png.rf.89bb532a6a3a360a76f029913cd5232a.jpg,1,0,1,0,0,0,FOOT-AND-MOUTH
foot-and-mouth/mosap-370-_jpg.rf.d1507195a644c8602c2987121da3407d.jpg,1,0,1,0,0,0,FOOT-AND-MOUTH
foot-and-mouth/FMD_10_jpg.rf.cd71d0f94e41005228aa0310efe6df9f.jpg,1,0,1,0,0,0,FOOT-AND-MOUTH
foot-and-mouth/FMD_011_jpg.rf.1c86a2ffac55100bdd1335975abcb0e5.jpg,1,0,1,0,0,0,FOOT-AND-MOUTH
foot-and-mouth/mosap-109-_jpg.rf.345c72ad13c4ade98f7a2eff78ebf016.jpg,1,0,1,0,0,0,FOOT-AND-MOUTH
foot-and-mouth/pigfoot2WM-1.jpg,1,0,1,0,0,0,FOOT-AND-MOUTH
foot-and-mouth/cm 14-1WM-1.jpg,1,0,1,0,0,0,FOOT-AND-MOUTH
foot-and-mouth/mosap-49-_jpg.rf.d4210202b1034385ab11ed62cf944059.jpg,1,0,1,0,0,0,FOOT-AND-MOUTH
foot-and-mouth/Cow-mouth-with-teeth-1_jpg.rf.a9c236bf6340651ed8daa2cd99650d17.jpg,1,0,1,0,0,0,FOOT-AND-MOUTH
foot-and-mouth/foot-and-mougth-13-_jpg.rf.0b5c3c5579a2649608d2c87098602f29.jpg,1,0,1,0,0,0,FOOT-AND-MOUTH
foot-and-mouth/FMD_120_jpg.rf.d0a0ec963f0c91928cc9fffd551ed3c4.jpg,1,0,1,0,0,0,FOOT-AND-MOUTH
foot-and-mouth/moazx-1-_jpg.rf.6077bdbbd27a0310e7125ed4a33fc363.jpg,1,0,1,0,0,0,FOOT-AND-MOUTH
foot-and-mouth/mosap-25-_jpg.rf.77e155b5cde0b06124d53acfbae6e7e3.jpg,1,0,1,0,0,0,FOOT-AND-MOUTH
foot-and-mouth/mosap-145-_jpg.rf.86c86384986a8f7c03b518b10eb2abd0.jpg,1,0,1,0,0,0,FOOT-AND-MOUTH
foot-and-mouth/mosap-41-_jpg.rf.f534b4cf860847b0df872bc4a457ec44.jpg,1,0,1,0,0,0,FOOT-AND-MOUTH
foot-and-mouth/Diseased-foot-15_jpg.rf.6c2a03a5491e2492b4ee4e9936782e2b.jpg,1,0,1,0,0,0,FOOT-AND-MOUTH
foot-and-mouth/mosap-66-_jpg.rf.4ea0f03058ede6ff236b76930fae5c7f.jpg,1,0,1,0,0,0,FOOT-AND-MOUTH
foot-and-mouth/mosap-371-_jpg.rf.f975508a0c7067c68fc23c69b9949128.jpg,1,0,1,0,0,0,FOOT-AND-MOUTH
foot-and-mouth/-49-_jpg.rf.c05cc80174452c78a54a0d759483f1a0.jpg,1,0,1,0,0,0,FOOT-AND-MOUTH
foot-and-mouth/moazx-108-_jpg.rf.b498ea3e79d99a086c1643b4d150f383.jpg,1,0,1,0,0,0,FOOT-AND-MOUTH
foot-and-mouth/moazx-43-_jpg.rf.0f81bff5baed748e828bd2dd1d66df20.jpg,1,0,1,0,0,0,FOOT-AND-MOUTH
foot-and-mouth/-41-_jpg.rf.b09c4e33f32fbb74ce134c91e5015db7.jpg,1,0,1,0,0,0,FOOT-AND-MOUTH
foot-and-mouth/mosap-402-_jpg.rf.2f260cc9f30c23e8ed973bc78c8a82aa.jpg,1,0,1,0,0,0,FOOT-AND-MOUTH
foot-and-mouth/foot-and-mougth-1-_png_jpg.rf.5dfed1108ccd84628ca5d54174d4c58b.jpg,1,0,1,0,0,0,FOOT-AND-MOUTH
foot-and-mouth/5_png.rf.90fefac296f21df7398923c8d506f7d3.jpg,1,0,1,0,0,0,FOOT-AND-MOUTH
foot-and-mouth/moazx-100-_jpg.rf.c870bb39f92f37265020c9fda7bbceef.jpg,1,0,1,0,0,0,FOOT-AND-MOUTH
foot-and-mouth/mosap-356-_jpg.rf.5f2d731229d752e31eaae4751d9140c6.jpg,1,0,1,0,0,0,FOOT-AND-MOUTH
foot-and-mouth/-21-_jpg.rf.28e352003d28ea0a2576d99ac5f135da.jpg,1,0,1,0,0,0,FOOT-AND-MOUTH
foot-and-mouth/mosap-87-_jpg.rf.ec217e134a7ef1a35106c28f80817977.jpg,1,0,1,0,0,0,FOOT-AND-MOUTH
foot-and-mouth/FMD-Knuckles-_41-Copy_jpeg.rf.58042bb1462d3f09371ebf6ec19eca08.jpg,1,0,1,0,0,0,FOOT-AND-MOUTH
foot-and-mouth/foot-and-mougth-11-_jpeg.rf.ef9f3be15830e947ef1516b9487f5551.jpg,1,0,1,0,0,0,FOOT-AND-MOUTH
foot-and-mouth/tongue_4-5days.jpg,1,0,1,0,0,0,FOOT-AND-MOUTH
foot-and-mouth/FMD-cattle-12-Copy-10-_jpg.rf.8380f5c0c6fbdab92f807865d142a213.jpg,1,0,1,0,0,0,FOOT-AND-MOUTH
foot-and-mouth/FMD__7_jpg.rf.5f61ff9a9357677c0a9439ccfc2efe50.jpg,1,0,1,0,0,0,FOOT-AND-MOUTH
foot-and-mouth/FMD_7_jpg.rf.4bb02adf25a1b08b12cff384c1ac8d91.jpg,1,0,1,0,0,0,FOOT-AND-MOUTH
foot-and-mouth/moazx-131-_jpg.rf.2ab61dfedcb58b2a9fe547e9477bbe95.jpg,1,0,1,0,0,0,FOOT-AND-MOUTH
foot-and-mouth/FMD_039_jpg.rf.2ef00a33811e675c0484ad7a3e86c657.jpg,1,0,1,0,0,0,FOOT-AND-MOUTH
foot-and-mouth/moazx-29-_jpg.rf.a36edc63c60ee1c8aedc1792f372759e.jpg,1,0,1,0,0,0,FOOT-AND-MOUTH
foot-and-mouth/FMD__6_jpg.rf.3d511717fe196f262ffe146b98557722.jpg,1,0,1,0,0,0,FOOT-AND-MOUTH
foot-and-mouth/FMD_9_jpg.rf.eaf2aadf97acaa0494c3da21d64bae0a.jpg,1,0,1,0,0,0,FOOT-AND-MOUTH
foot-and-mouth/pigf 10d-5WM-1.jpg,1,0,1,0,0,0,FOOT-AND-MOUTH
foot-and-mouth/mosap-445-_jpg.rf.5fbf408f57d65f5f7871c6d7e50743b7.jpg,1,0,1,0,0,0,FOOT-AND-MOUTH
foot-and-mouth/DSCN0081.JPG,1,0,1,0,0,0,FOOT-AND-MOUTH
foot-and-mouth/moazx-28-_jpg.rf.9f735ff0d40405cc059a6645f6b65794.jpg,1,0,1,0,0,0,FOOT-AND-MOUTH
foot-and-mouth/mosap-453-_jpg.rf.471fa8c6aee2e1ef3e2d2c2885fb4046.jpg,1,0,1,0,0,0,FOOT-AND-MOUTH
foot-and-mouth/mosap-57-_jpg.rf.0f768f6dc83254b18ad8096601479003.jpg,1,0,1,0,0,0,FOOT-AND-MOUTH
foot-and-mouth/tongue_3-4_days_WM.jpg,1,0,1,0,0,0,FOOT-AND-MOUTH
foot-and-mouth/mosap-149-_jpg.rf.100a01011c11fd5e9d9e6ce0f360a625.jpg,1,0,1,0,0,0,FOOT-AND-MOUTH
foot-and-mouth/mosap-367-_jpg.rf.db661b5a4954eac12889ec90ffa1fa1a.jpg,1,0,1,0,0,0,FOOT-AND-MOUTH
foot-and-mouth/-44-_jpg.rf.1cfc846a0b30b28ae87d0ce326117a20.jpg,1,0,1,0,0,0,FOOT-AND-MOUTH
foot-and-mouth/mosap-76-_jpg.rf.094dc74292b0656a0a11ff7cba937396.jpg,1,0,1,0,0,0,FOOT-AND-MOUTH
foot-and-mouth/moazx-136-_jpg.rf.8d824eb107eb45ee2540fdcdf38e2d65.jpg,1,0,1,0,0,0,FOOT-AND-MOUTH
foot-and-mouth/-65-_jpg.rf.39a18d3a88e5b805c5b93b825e535149.jpg,1,0,1,0,0,0,FOOT-AND-MOUTH
foot-and-mouth/foot-and-mougth-4-_jpeg_jpg.rf.de2e58c7c1b6d890ad78d40b300cdded.jpg,1,0,1,0,0,0,FOOT-AND-MOUTH
foot-and-mouth/mosap-115-_jpg.rf.e88ef1c364608458e94fd27345c8fe84.jpg,1,0,1,0,0,0,FOOT-AND-MOUTH
foot-and-mouth/mosap-146-_jpg.rf.5bc8bbf6c0a28e02cc6dcf961aafd12b.jpg,1,0,1,0,0,0,FOOT-AND-MOUTH
foot-and-mouth/mosap-135-_jpg.rf.cb71d4802edbf9a4cc474b3811bbb408.jpg,1,0,1,0,0,0,FOOT-AND-MOUTH
foot-and-mouth/Capture1_png.rf.70fbf14ae8ff044f5fada8ec078ed6df.jpg,1,0,1,0,0,0,FOOT-AND-MOUTH
foot-and-mouth/foot-and-mougth-2-_jpg.rf.ca32d38abd1e7a2dad291eb8ce8effef.jpg,1,0,1,0,0,0,FOOT-AND-MOUTH
foot-and-mouth/mosap-108-_jpg.rf.e09134a613870754cf8e3c690200332c.jpg,1,0,1,0,0,0,FOOT-AND-MOUTH
foot-and-mouth/mosap-79-_jpg.rf.42ec91845be481f5cdebb16bf545acd0.jpg,1,0,1,0,0,0,FOOT-AND-MOUTH
foot-and-mouth/mosap-122-_jpg.rf.b9f405df3b5c7b74c5ecf63682cd4773.jpg,1,0,1,0,0,0,FOOT-AND-MOUTH
foot-and-mouth/FMD-foot-lesions-11-Copy-10-_jpg.rf.53c98d15eeda2988465d5951cf71a8ed.jpg,1,0,1,0,0,0,FOOT-AND-MOUTH
foot-and-mouth/mosap-152-_jpg.rf.dc47d2b25fa365cc4e6c7b9d5cf74f5e.jpg,1,0,1,0,0,0,FOOT-AND-MOUTH
foot-and-mouth/cm 5-7-2 (1)WM.jpg,1,0,1,0,0,0,FOOT-AND-MOUTH
foot-and-mouth/FMD_016_jpg.rf.e30dea55b7acb06a99ec04d85364cf71.jpg,1,0,1,0,0,0,FOOT-AND-MOUTH
foot-and-mouth/FMD_012_jpg.rf.8f8589771189c93edc1807d1bd2a2894.jpg,1,0,1,0,0,0,FOOT-AND-MOUTH
foot-and-mouth/Diseased-dental-pad-37_jpg.rf.1b4247b4a4c88c276540e2c9e86112c2.jpg,1,0,1,0,0,0,FOOT-AND-MOUTH
foot-and-mouth/foot-and-mougth-19-_png_jpg.rf.b76631ca667acbe49a231f7692fef930.jpg,1,0,1,0,0,0,FOOT-AND-MOUTH
foot-and-mouth/5198047453_ab0d6212d0_bWM-1.jpg,1,0,1,0,0,0,FOOT-AND-MOUTH
foot-and-mouth/moazx-137-_jpg.rf.4797b1c2e7212bf83f34925854513ce8.jpg,1,0,1,0,0,0,FOOT-AND-MOUTH
foot-and-mouth/-61-_jpg.rf.e14d4f40481051ba09e5351b50f75b5d.jpg,1,0,1,0,0,0,FOOT-AND-MOUTH
foot-and-mouth/mosap-86-_jpg.rf.42b1a3db625512655d831d8627939fc4.jpg,1,0,1,0,0,0,FOOT-AND-MOUTH
foot-and-mouth/pigf 10d-1WM-1.jpg,1,0,1,0,0,0,FOOT-AND-MOUTH
foot-and-mouth/mosap-404-_jpg.rf.9ac99af827c23ea578b22802e8c5b79d.jpg,1,0,1,0,0,0,FOOT-AND-MOUTH
foot-and-mouth/moazx-40-_jpg.rf.31653e5b3eb9379f4d8e8a60f6fb6356.jpg,1,0,1,0,0,0,FOOT-AND-MOUTH
foot-and-mouth/FMD_16_jpg.rf.e093546f4b47b57c4c016dbdc4171f67.jpg,1,0,1,0,0,0,FOOT-AND-MOUTH
foot-and-mouth/moazx-42-_jpg.rf.9f35cb03b36ab7103dcd5375d1ebba1d.jpg,1,0,1,0,0,0,FOOT-AND-MOUTH
foot-and-mouth/Diseased-dental-pad-48_jpg.rf.67e56cc9b53b8b3a55ded8ab9cd7181f.jpg,1,0,1,0,0,0,FOOT-AND-MOUTH
foot-and-mouth/FMD_23_jpg.rf.b9d12cc693b0105a3eab7a79ab38d0c8.jpg,1,0,1,0,0,0,FOOT-AND-MOUTH
foot-and-mouth/FMD_2_jpg.rf.1d860e79662ad42a3bfa598085b55749.jpg,1,0,1,0,0,0,FOOT-AND-MOUTH
foot-and-mouth/moazx-314-_jpg.rf.e50d057f45eef6bfd9f7ee61f6e37f27.jpg,1,0,1,0,0,0,FOOT-AND-MOUTH
foot-and-mouth/FMD_083_jpg.rf.5322546f7daf78986362c4a227d1310f.jpg,1,0,1,0,0,0,FOOT-AND-MOUTH
foot-and-mouth/Diseased-dental-pad-9_jpg.rf.9f242c8cf130bb30c4d8563dd8ad6e3d.jpg,1,0,1,0,0,0,FOOT-AND-MOUTH
foot-and-mouth/mosap-650-_jpg.rf.20366ab418f02a51d7c1a8966f56357c.jpg,1,0,1,0,0,0,FOOT-AND-MOUTH
foot-and-mouth/mosap-32-_jpg.rf.b417e363e97c6e50dd66d32046a372e5.jpg,1,0,1,0,0,0,FOOT-AND-MOUTH
foot-and-mouth/moazx-312-_jpg.rf.1be17e2fe0771a32e6081c714dad20fa.jpg,1,0,1,0,0,0,FOOT-AND-MOUTH
foot-and-mouth/mosap-59-_jpg.rf.c64dc173fae720a511dce4c1f2b321ec.jpg,1,0,1,0,0,0,FOOT-AND-MOUTH
foot-and-mouth/FMD-Knuckles-_216_jpeg.rf.44394318bb06f66f542b3343bf79463c.jpg,1,0,1,0,0,0,FOOT-AND-MOUTH
foot-and-mouth/FMD_121_jpg.rf.2348f12caf1ce79b3cb5a7d81aa24085.jpg,1,0,1,0,0,0,FOOT-AND-MOUTH
foot-and-mouth/-34-_jpg.rf.18ce555ef3a3f76906253af97710bea3.jpg,1,0,1,0,0,0,FOOT-AND-MOUTH
foot-and-mouth/moazx-101-_jpg.rf.691af3d29e3dc8da568d3c2494016c82.jpg,1,0,1,0,0,0,FOOT-AND-MOUTH
foot-and-mouth/FMD_40_jpg.rf.1a35571afbce949cb215bc3f65a6481d.jpg,1,0,1,0,0,0,FOOT-AND-MOUTH
foot-and-mouth/FMD_121_jpg.rf.83bb60c7644f33b00814774bf2de92fa.jpg,1,0,1,0,0,0,FOOT-AND-MOUTH
healthy/imgs297.jpg,0,0,0,0,0,0,HEALTHY
healthy/imgs212.jpg,0,0,0,0,0,0,HEALTHY
healthy/Non-diseased-muzzle-16-with-tongue_jpg.rf.9802abc86583c49b9dd6312fc6b54d11.jpg,0,0,0,0,0,0,HEALTHY
healthy/imgs509.jpg,0,0,0,0,0,0,HEALTHY
healthy/Normal_Skin_567-resized.jpg,0,0,0,0,0,0,HEALTHY
healthy/Ayrshirecattle17.jpg,0,0,0,0,0,0,HEALTHY
healthy/imgs298.jpg,0,0,0,0,0,0,HEALTHY
healthy/imgs334.jpg,0,0,0,0,0,0,HEALTHY
healthy/imgs393.jpg,0,0,0,0,0,0,HEALTHY
healthy/imgs177.jpg,0,0,0,0,0,0,HEALTHY
healthy/imgs337.jpg,0,0,0,0,0,0,HEALTHY
healthy/imgs441.jpg,0,0,0,0,0,0,HEALTHY
healthy/Non-diseased-muzzle-18-with-tongue_jpg.rf.57595e6451dbbf8d90726acddf1c89f1.jpg,0,0,0,0,0,0,HEALTHY
healthy/imgs093.jpg,0,0,0,0,0,0,HEALTHY
healthy/imgs255.jpg,0,0,0,0,0,0,HEALTHY
healthy/imgs403.jpg,0,0,0,0,0,0,HEALTHY
healthy/imgs473.jpg,0,0,0,0,0,0,HEALTHY
healthy/BrownSwisscattle129.jpg,0,0,0,0,0,0,HEALTHY
healthy/imgs347.jpg,0,0,0,0,0,0,HEALTHY
healthy/Non-diseased-muzzle-21-with-tongue_jpg.rf.8303f09d3e60ea7735dc10d902e326e7.jpg,0,0,0,0,0,0,HEALTHY
healthy/RedDanecattle10.jpg,0,0,0,0,0,0,HEALTHY
healthy/Non-diseased-muzzle-8-with-tongue_jpg.rf.9ec4bb5b3feea510f3e04e5a41af66f5.jpg,0,0,0,0,0,0,HEALTHY
healthy/imgs247.jpg,0,0,0,0,0,0,HEALTHY
healthy/Ayrshirecattle60.jpg,0,0,0,0,0,0,HEALTHY
healthy/imgs369.jpg,0,0,0,0,0,0,HEALTHY
healthy/imgs493.jpg,0,0,0,0,0,0,HEALTHY
healthy/imgs333.jpg,0,0,0,0,0,0,HEALTHY
healthy/sapi_s_6.jpg,0,0,0,0,0,0,HEALTHY
healthy/imgs108.jpg,0,0,0,0,0,0,HEALTHY
healthy/image_UHJvZHVjdDoxOTA0_67ae5687_jpeg_jpg.rf.5d788d53f0d7ded516434cdecf0fb964.jpg,0,0,0,0,0,0,HEALTHY
healthy/BB20012024132638_front_png_jpg.rf.58bc7ee487d82b9be9121d235b894eb1.jpg,0,0,0,0,0,0,HEALTHY
healthy/Normal_Skin_256_png.rf.4f7c4e87b7ba4928e24d536687b5ad42.jpg,0,0,0,0,0,0,HEALTHY
healthy/imgs445.jpg,0,0,0,0,0,0,HEALTHY
healthy/HolsteinFriesiancattle45_c.jpg,0,0,0,0,0,0,HEALTHY
healthy/imgs206.jpg,0,0,0,0,0,0,HEALTHY
healthy/imgs433.jpg,0,0,0,0,0,0,HEALTHY
healthy/imgs322.jpg,0,0,0,0,0,0,HEALTHY
healthy/Non-diseased-muzzle-17-with-tongue_jpg.rf.a2c1951304306e29c06ef1bf358f247e.jpg,0,0,0,0,0,0,HEALTHY
healthy/imgs208.jpg,0,0,0,0,0,0,HEALTHY
healthy/imgs349.jpg,0,0,0,0,0,0,HEALTHY
healthy/imgs305.jpg,0,0,0,0,0,0,HEALTHY
healthy/imgs038.jpg,0,0,0,0,0,0,HEALTHY
healthy/imgs424.jpg,0,0,0,0,0,0,HEALTHY
healthy/imgs152.jpg,0,0,0,0,0,0,HEALTHY
healthy/BrownSwisscattle133_c.jpg,0,0,0,0,0,0,HEALTHY
healthy/imgs375.jpg,0,0,0,0,0,0,HEALTHY
healthy/imgs420.jpg,0,0,0,0,0,0,HEALTHY
healthy/imgs092.jpg,0,0,0,0,0,0,HEALTHY
healthy/HolsteinFriesiancattle114.jpg,0,0,0,0,0,0,HEALTHY
healthy/BB19012024175102_front_png_jpg.rf.03ec3748dbdb4481c6f924ea02fa96b2.jpg,0,0,0,0,0,0,HEALTHY
healthy/imgs026.jpg,0,0,0,0,0,0,HEALTHY
healthy/imgs353.jpg,0,0,0,0,0,0,HEALTHY
healthy/imgs295.jpg,0,0,0,0,0,0,HEALTHY
healthy/Normal_Skin_592-resized.jpg,0,0,0,0,0,0,HEALTHY
healthy/Ayrshirecattle69.jpg,0,0,0,0,0,0,HEALTHY
healthy/Jerseycattle23.jpg,0,0,0,0,0,0,HEALTHY
healthy/imgs457.jpg,0,0,0,0,0,0,HEALTHY
healthy/imgs069.jpg,0,0,0,0,0,0,HEALTHY
healthy/HolsteinFriesiancattle147.jpg,0,0,0,0,0,0,HEALTHY
healthy/Non-diseased-muzzle-40-with-tongue_jpg.rf.a0b401bb854dfb9ab8a3fb0c0bafb835.jpg,0,0,0,0,0,0,HEALTHY
healthy/temp_file_1701668698491_jpeg_jpg.rf.fd2da2c50c925f6b46de0c8e534f415d.jpg,0,0,0,0,0,0,HEALTHY
healthy/imgs376.jpg,0,0,0,0,0,0,HEALTHY
healthy/Ayrshirecattle1.jpg,0,0,0,0,0,0,HEALTHY
healthy/imgs511.jpg,0,0,0,0,0,0,HEALTHY
healthy/sapi_l_2.jpg,0,0,0,0,0,0,HEALTHY
healthy/imgs077.jpg,0,0,0,0,0,0,HEALTHY
healthy/imgs157.jpg,0,0,0,0,0,0,HEALTHY
healthy/Normal_Skin_571-resized.jpg,0,0,0,0,0,0,HEALTHY
healthy/RedDanecattle36.jpg,0,0,0,0,0,0,HEALTHY
healthy/imgs404.jpg,0,0,0,0,0,0,HEALTHY
healthy/Jerseycattle129.jpg,0,0,0,0,0,0,HEALTHY
healthy/HolsteinFriesiancattle14.jpg,0,0,0,0,0,0,HEALTHY
healthy/imgs154.jpg,0,0,0,0,0,0,HEALTHY
healthy/Non-diseased-muzzle-21_jpg.rf.55b5e360a2c963a48e29a332230c915d.jpg,0,0,0,0,0,0,HEALTHY
healthy/Ayrshirecattle137.jpg,0,0,0,0,0,0,HEALTHY
healthy/imgs145.jpg,0,0,0,0,0,0,HEALTHY
healthy/RedDanecattle91.jpg,0,0,0,0,0,0,HEALTHY
healthy/Jerseycattle35.jpg,0,0,0,0,0,0,HEALTHY
healthy/Normal_Skin_561-resized.jpg,0,0,0,0,0,0,HEALTHY
healthy/imgs046.jpg,0,0,0,0,0,0,HEALTHY
healthy/imgs178.jpg,0,0,0,0,0,0,HEALTHY
healthy/imgs167.jpg,0,0,0,0,0,0,HEALTHY
healthy/imgs028.jpg,0,0,0,0,0,0,HEALTHY
healthy/BrownSwisscattle140.jpg,0,0,0,0,0,0,HEALTHY
healthy/BrownSwisscattle74.jpg,0,0,0,0,0,0,HEALTHY
healthy/sapi_p_10.jpg,0,0,0,0,0,0,HEALTHY
healthy/imgs014.jpg,0,0,0,0,0,0,HEALTHY
healthy/Jerseycattle15.jpg,0,0,0,0,0,0,HEALTHY
healthy/Jerseycattle105.jpg,0,0,0,0,0,0,HEALTHY
healthy/RedDanecattle116.jpg,0,0,0,0,0,0,HEALTHY
healthy/imgs144.jpg,0,0,0,0,0,0,HEALTHY
healthy/RedDanecattle57.jpg,0,0,0,0,0,0,HEALTHY
healthy/Non-diseased-muzzle-29-with-tongue_jpg.rf.feaa965f12282e9927224556422885a1.jpg,0,0,0,0,0,0,HEALTHY
healthy/Normal_Skin_249_png.rf.b8e92fbc9574c742af02528970de2976.jpg,0,0,0,0,0,0,HEALTHY
healthy/Non-diseased-muzzle-9_jpg.rf.19817d50d518304a70ec4099593bbd97.jpg,0,0,0,0,0,0,HEALTHY
healthy/imgs345.jpg,0,0,0,0,0,0,HEALTHY
healthy/imgs425.jpg,0,0,0,0,0,0,HEALTHY
healthy/imgs246.jpg,0,0,0,0,0,0,HEALTHY
healthy/HolsteinFriesiancattle52.jpg,0,0,0,0,0,0,HEALTHY
healthy/Ayrshirecattle84.jpg,0,0,0,0,0,0,HEALTHY
healthy/imgs467.jpg,0,0,0,0,0,0,HEALTHY
healthy/image_UHJvZHVjdDoyMDc4_9f1e0131_jpeg_jpg.rf.914e792cdfa64c9d8c6e89f7899e8714.jpg,0,0,0,0,0,0,HEALTHY
healthy/imgs259.jpg,0,0,0,0,0,0,HEALTHY
healthy/BrownSwisscattle25.jpg,0,0,0,0,0,0,HEALTHY
healthy/imgs472.jpg,0,0,0,0,0,0,HEALTHY
healthy/imgs336.jpg,0,0,0,0,0,0,HEALTHY
healthy/image_UHJvZHVjdDoxOTk2_836ac1ac_jpg_jpeg_jpg.rf.fec975ab54a15f96bd426446cc102367.jpg,0,0,0,0,0,0,HEALTHY
healthy/imgs500.jpg,0,0,0,0,0,0,HEALTHY
healthy/sapi_m_02.jpg,0,0,0,0,0,0,HEALTHY
healthy/imgs276.jpg,0,0,0,0,0,0,HEALTHY
healthy/HolsteinFriesiancattle82.jpg,0,0,0,0,0,0,HEALTHY
healthy/Ayrshirecattle10.jpg,0,0,0,0,0,0,HEALTHY
healthy/imgs058.jpg,0,0,0,0,0,0,HEALTHY
healthy/HolsteinFriesiancattle58_c.jpg,0,0,0,0,0,0,HEALTHY
healthy/Non-diseased-muzzle-11_jpg.rf.85ddb3131d0715671b84bb52dc6378f3.jpg,0,0,0,0,0,0,HEALTHY
healthy/imgs282.jpg,0,0,0,0,0,0,HEALTHY
healthy/Non-diseased-muzzle-30_jpg.rf.689638bbeb671ee97fc87dae3f1c5660.jpg,0,0,0,0,0,0,HEALTHY
healthy/imgs001.jpg,0,0,0,0,0,0,HEALTHY
healthy/imgs288.jpg,0,0,0,0,0,0,HEALTHY
healthy/imgs174.jpg,0,0,0,0,0,0,HEALTHY
healthy/Ayrshirecattle14.jpg,0,0,0,0,0,0,HEALTHY
healthy/BrownSwisscattle8.jpg,0,0,0,0,0,0,HEALTHY
healthy/sapi_q_4.jpg,0,0,0,0,0,0,HEALTHY
healthy/sapi_c_6.jpg,0,0,0,0,0,0,HEALTHY
healthy/imgs029.jpg,0,0,0,0,0,0,HEALTHY
healthy/imgs226.jpg,0,0,0,0,0,0,HEALTHY
healthy/Non-diseased-muzzle-24-with-tongue_jpg.rf.ebe87d91526e277c91fbb6d99de564c8.jpg,0,0,0,0,0,0,HEALTHY
healthy/Jerseycattle31.jpg,0,0,0,0,0,0,HEALTHY
healthy/healthymouth_17_jpg.rf.7ef7c29589e9a4de6e5015d350d234d4.jpg,0,0,0,0,0,0,HEALTHY
healthy/Non-diseased-muzzle-18-with-tongue_jpg.rf.d454d984b83bf0e438fff561d84a088b.jpg,0,0,0,0,0,0,HEALTHY
healthy/Non-diseased-muzzle-43-with-tongue_jpg.rf.3cc716fe69c57562542db6ed2df8f2df.jpg,0,0,0,0,0,0,HEALTHY
healthy/imgs378.jpg,0,0,0,0,0,0,HEALTHY
healthy/imgs070.jpg,0,0,0,0,0,0,HEALTHY
healthy/RedDanecattle83.jpg,0,0,0,0,0,0,HEALTHY
healthy/HolsteinFriesiancattle36.jpg,0,0,0,0,0,0,HEALTHY
healthy/BrownSwisscattle50.jpg,0,0,0,0,0,0,HEALTHY
healthy/sapi_c1_3.jpg,0,0,0,0,0,0,HEALTHY
healthy/imgs126.jpg,0,0,0,0,0,0,HEALTHY
healthy/Non-diseased-muzzle-28_jpg.rf.b011b1e484cbcda3c3c754f61a7343f8.jpg,0,0,0,0,0,0,HEALTHY
healthy/HolsteinFriesiancattle131.jpg,0,0,0,0,0,0,HEALTHY
healthy/healthymouth_13_jpg.rf.5fd1ee45ebe33f248c91b84133fd24b1.jpg,0,0,0,0,0,0,HEALTHY
healthy/imgs448.jpg,0,0,0,0,0,0,HEALTHY
healthy/sapi_i_8.jpg,0,0,0,0,0,0,HEALTHY
healthy/imgs122.jpg,0,0,0,0,0,0,HEALTHY
healthy/imgs461.jpg,0,0,0,0,0,0,HEALTHY
healthy/Ayrshirecattle64.jpg,0,0,0,0,0,0,HEALTHY
healthy/imgs033.jpg,0,0,0,0,0,0,HEALTHY
healthy/Ayrshirecattle5.jpg,0,0,0,0,0,0,HEALTHY
healthy/sapi_g_1.jpg,0,0,0,0,0,0,HEALTHY
healthy/image_UHJvZHVjdDoxODI4_a34b2521_jpeg_jpg.rf.3f4b174763fd15f3c154ee02c4a6bae9.jpg,0,0,0,0,0,0,HEALTHY
healthy/imgs011.jpg,0,0,0,0,0,0,HEALTHY
healthy/imgs112.jpg,0,0,0,0,0,0,HEALTHY
healthy/Non-diseased-muzzle-42-with-tongue_jpg.rf.5a44e93168c8d6f0f45adca1f695ea64.jpg,0,0,0,0,0,0,HEALTHY
healthy/Jerseycattle60.jpg,0,0,0,0,0,0,HEALTHY
healthy/imgs243.jpg,0,0,0,0,0,0,HEALTHY
healthy/imgs317.jpg,0,0,0,0,0,0,HEALTHY
healthy/Non-diseased-muzzle-13_jpg.rf.faa966ea7731568601620bfa76317277.jpg,0,0,0,0,0,0,HEALTHY
healthy/Ayrshirecattle70.jpg,0,0,0,0,0,0,HEALTHY
healthy/imgs301.jpg,0,0,0,0,0,0,HEALTHY
healthy/sapi_q_2.jpg,0,0,0,0,0,0,HEALTHY
healthy/imgs466.jpg,0,0,0,0,0,0,HEALTHY
healthy/HolsteinFriesiancattle35.jpg,0,0,0,0,0,0,HEALTHY
healthy/IMG_20220906_172612_jpg.rf.6429b0debe734c219781100efbeaad23.jpg,0,0,0,0,0,0,HEALTHY
healthy/Ayrshirecattle136.jpg,0,0,0,0,0,0,HEALTHY
healthy/imgs142.jpg,0,0,0,0,0,0,HEALTHY
healthy/healthymouth_12_jpg.rf.2a7393bf651f5551fd5e42dbe2e15e85.jpg,0,0,0,0,0,0,HEALTHY
healthy/Non-diseased-muzzle-25-with-tongue_jpg.rf.571d3080801a799dd603bf117c5f3ddf.jpg,0,0,0,0,0,0,HEALTHY
healthy/BrownSwisscattle77.jpg,0,0,0,0,0,0,HEALTHY
healthy/imgs452.jpg,0,0,0,0,0,0,HEALTHY
healthy/healthymouth_226_jpg.rf.548a43a3b948d4bf41056f6ef2f64179.jpg,0,0,0,0,0,0,HEALTHY
healthy/HolsteinFriesiancattle65_c.jpg,0,0,0,0,0,0,HEALTHY
healthy/IMG_20220906_172622_jpg.rf.1722e3bd7b0ae6dd91dab111e93700ae.jpg,0,0,0,0,0,0,HEALTHY
healthy/IMG_20220906_172622_jpg.rf.ab6750db98d0a92e450af2e89e3761bb.jpg,0,0,0,0,0,0,HEALTHY
healthy/imgs221.jpg,0,0,0,0,0,0,HEALTHY
healthy/imgs451.jpg,0,0,0,0,0,0,HEALTHY
healthy/Normal_Skin_22_png.rf.9247d2b79d717bff55504e0e8ca39084.jpg,0,0,0,0,0,0,HEALTHY
healthy/Normal_Skin_19_png.rf.1a6bbe7a4bae2d25e3aec1fe371a74cf.jpg,0,0,0,0,0,0,HEALTHY
healthy/imgs105.jpg,0,0,0,0,0,0,HEALTHY
healthy/imgs233.jpg,0,0,0,0,0,0,HEALTHY
healthy/sapi_e_11.jpg,0,0,0,0,0,0,HEALTHY
healthy/Normal_Skin_256_png.rf.c763bf85393a88d5fdd1792492575340.jpg,0,0,0,0,0,0,HEALTHY
healthy/BrownSwisscattle75.jpg,0,0,0,0,0,0,HEALTHY
healthy/BrownSwisscattle38.jpg,0,0,0,0,0,0,HEALTHY
healthy/imgs258.jpg,0,0,0,0,0,0,HEALTHY
healthy/BB02022024180604_front-png_jpg.rf.b893359967e7305b5ece9107f8659c5b.jpg,0,0,0,0,0,0,HEALTHY
healthy/imgs211.jpg,0,0,0,0,0,0,HEALTHY
healthy/Non-diseased-muzzle-30-with-tongue_jpg.rf.fe0da2cc0333f207696eeca989168bc4.jpg,0,0,0,0,0,0,HEALTHY
healthy/BrownSwisscattle20.jpg,0,0,0,0,0,0,HEALTHY
healthy/BB29012024091134_right_png_jpg.rf.1a411929b64fd3bb5a575d1baf271e8f.jpg,0,0,0,0,0,0,HEALTHY
healthy/imgs083.jpg,0,0,0,0,0,0,HEALTHY
healthy/Ayrshirecattle89.jpg,0,0,0,0,0,0,HEALTHY
healthy/BrownSwisscattle109.jpg,0,0,0,0,0,0,HEALTHY
healthy/healthymouth_118_jpg.rf.02f8579f628a68b3e5932985e1975778.jpg,0,0,0,0,0,0,HEALTHY
healthy/imgs141.jpg,0,0,0,0,0,0,HEALTHY
healthy/imgs391(1).jpg,0,0,0,0,0,0,HEALTHY
healthy/imgs135.jpg,0,0,0,0,0,0,HEALTHY
healthy/sapi_z_2.jpg,0,0,0,0,0,0,HEALTHY
healthy/Ayrshirecattle116.jpg,0,0,0,0,0,0,HEALTHY
healthy/Jerseycattle25.jpg,0,0,0,0,0,0,HEALTHY
healthy/Ayrshirecattle28.jpg,0,0,0,0,0,0,HEALTHY
healthy/Jerseycattle5.jpg,0,0,0,0,0,0,HEALTHY
healthy/BrownSwisscattle100.jpg,0,0,0,0,0,0,HEALTHY
healthy/BB19012024102736_left-1-_jpeg_jpg.rf.fbb55cee850f6c37b8e4dcd176828d14.jpg,0,0,0,0,0,0,HEALTHY
healthy/imgs389.jpg,0,0,0,0,0,0,HEALTHY
healthy/HolsteinFriesiancattle125.jpg,0,0,0,0,0,0,HEALTHY
healthy/HolsteinFriesiancattle107.jpg,0,0,0,0,0,0,HEALTHY
healthy/imgs162.jpg,0,0,0,0,0,0,HEALTHY
healthy/imgs090.jpg,0,0,0,0,0,0,HEALTHY
healthy/Non-diseased-muzzle-29_jpg.rf.80dd72645f6234b9909c934439aa5f1c.jpg,0,0,0,0,0,0,HEALTHY
healthy/imgs121.jpg,0,0,0,0,0,0,HEALTHY
healthy/Jerseycattle144.jpg,0,0,0,0,0,0,HEALTHY
healthy/imgs396(1).jpg,0,0,0,0,0,0,HEALTHY
healthy/Non-diseased-muzzle-28_jpg.rf.3c1932085b776db54d7842511e4a564c.jpg,0,0,0,0,0,0,HEALTHY
healthy/Ayrshirecattle92.jpg,0,0,0,0,0,0,HEALTHY
healthy/imgs242.jpg,0,0,0,0,0,0,HEALTHY
healthy/imgs169.jpg,0,0,0,0,0,0,HEALTHY
healthy/Ayrshirecattle0.jpg,0,0,0,0,0,0,HEALTHY
healthy/Ayrshirecattle77.jpg,0,0,0,0,0,0,HEALTHY
healthy/imgs263(1).jpg,0,0,0,0,0,0,HEALTHY
healthy/Ayrshirecattle113.jpg,0,0,0,0,0,0,HEALTHY
healthy/Non-diseased-muzzle-20_jpg.rf.c0c57ae4f580afd34df384e525b52c3e.jpg,0,0,0,0,0,0,HEALTHY
healthy/Non-diseased-muzzle-6-with-tongue_jpg.rf.708eba5a720eb56635fc981cebf94941.jpg,0,0,0,0,0,0,HEALTHY
healthy/imgs040.jpg,0,0,0,0,0,0,HEALTHY
healthy/HolsteinFriesiancattle6.jpg,0,0,0,0,0,0,HEALTHY
healthy/healthymouth_226_jpg.rf.524b11fda85e492c5c0cec7ef7662d76.jpg,0,0,0,0,0,0,HEALTHY
healthy/imgs327.jpg,0,0,0,0,0,0,HEALTHY
healthy/Non-diseased-muzzle-21_jpg.rf.8642fd6df8c3e3726b0ddaeee151f837.jpg,0,0,0,0,0,0,HEALTHY
healthy/imgs281.jpg,0,0,0,0,0,0,HEALTHY
healthy/Ayrshirecattle126.jpg,0,0,0,0,0,0,HEALTHY
healthy/Ayrshirecattle3.jpg,0,0,0,0,0,0,HEALTHY
healthy/HolsteinFriesiancattle104.jpg,0,0,0,0,0,0,HEALTHY
healthy/Ayrshirecattle102.jpg,0,0,0,0,0,0,HEALTHY
healthy/Jerseycattle87.jpg,0,0,0,0,0,0,HEALTHY
healthy/imgs411.jpg,0,0,0,0,0,0,HEALTHY
healthy/BB02022024173547_front-png_jpg.rf.c094530969f19fc80bbc61ebd7425d85.jpg,0,0,0,0,0,0,HEALTHY
healthy/Normal_Skin_216_png.rf.1c388d10aada3eaef5caf250bf62d1d3.jpg,0,0,0,0,0,0,HEALTHY
healthy/HolsteinFriesiancattle64.jpg,0,0,0,0,0,0,HEALTHY
healthy/Non-diseased-muzzle-3_jpeg.rf.b368f203a0670b8fe1cb5d8090579d26.jpg,0,0,0,0,0,0,HEALTHY
healthy/Non-diseased-muzzle-30-with-tongue_jpg.rf.43a2f42dd80d94943511cc7d70374058.jpg,0,0,0,0,0,0,HEALTHY
healthy/Jerseycattle146.jpg,0,0,0,0,0,0,HEALTHY
healthy/imgs200.jpg,0,0,0,0,0,0,HEALTHY
healthy/Normal_Skin_563-resized.jpg,0,0,0,0,0,0,HEALTHY
healthy/Ayrshirecattle71.jpg,0,0,0,0,0,0,HEALTHY
healthy/Non-diseased-muzzle-34-with-tongue_jpg.rf.9b2b5148a961f0f71ebdd7d957168fac.jpg,0,0,0,0,0,0,HEALTHY
healthy/BrownSwisscattle70.jpg,0,0,0,0,0,0,HEALTHY
healthy/imgs067.jpg,0,0,0,0,0,0,HEALTHY
healthy/imgs381.jpg,0,0,0,0,0,0,HEALTHY
healthy/RedDanecattle34.jpg,0,0,0,0,0,0,HEALTHY
healthy/imgs159.jpg,0,0,0,0,0,0,HEALTHY
healthy/BrownSwisscattle85.jpg,0,0,0,0,0,0,HEALTHY
healthy/RedDanecattle142.jpg,0,0,0,0,0,0,HEALTHY
healthy/BB01022024174914_front-png_jpg.rf.9d9486fb70d1c6a6bb16f105586ef245.jpg,0,0,0,0,0,0,HEALTHY
healthy/Non-diseased-muzzle-28-with-tongue_jpg.rf.9d4cbe541cf1c470feeff3ef047d5c21.jpg,0,0,0,0,0,0,HEALTHY
healthy/Jerseycattle70.jpg,0,0,0,0,0,0,HEALTHY
healthy/Non-diseased-muzzle-6-with-tongue_jpg.rf.64f441872c2cbdb369e35ec255661294.jpg,0,0,0,0,0,0,HEALTHY
healthy/HolsteinFriesiancattle53.jpg,0,0,0,0,0,0,HEALTHY
healthy/HolsteinFriesiancattle139.jpg,0,0,0,0,0,0,HEALTHY
healthy/HolsteinFriesiancattle120_c.jpg,0,0,0,0,0,0,HEALTHY
healthy/imgs106.jpg,0,0,0,0,0,0,HEALTHY
healthy/Jerseycattle34.jpg,0,0,0,0,0,0,HEALTHY
healthy/BrownSwisscattle1.jpg,0,0,0,0,0,0,HEALTHY
healthy/Ayrshirecattle148.jpg,0,0,0,0,0,0,HEALTHY
healthy/imgs118.jpg,0,0,0,0,0,0,HEALTHY
healthy/imgs149.jpg,0,0,0,0,0,0,HEALTHY
healthy/Non-diseased-muzzle-43-with-tongue_jpg.rf.06c5fa0d9c1a055b3ac14a205ef44839.jpg,0,0,0,0,0,0,HEALTHY
healthy/Normal_Skin_559-resized.jpg,0,0,0,0,0,0,HEALTHY
healthy/sapi_m_08.jpg,0,0,0,0,0,0,HEALTHY
healthy/imgs209.jpg,0,0,0,0,0,0,HEALTHY
healthy/BrownSwisscattle90.jpg,0,0,0,0,0,0,HEALTHY
healthy/Ayrshirecattle6.jpg,0,0,0,0,0,0,HEALTHY
healthy/imgs413(1).jpg,0,0,0,0,0,0,HEALTHY
healthy/imgs289.jpg,0,0,0,0,0,0,HEALTHY
healthy/imgs228.jpg,0,0,0,0,0,0,HEALTHY
healthy/image_UHJvZHVjdDoxODYy_753a817a_jpeg_jpg.rf.c582b03b387c8caaa257b24c823a0b97.jpg,0,0,0,0,0,0,HEALTHY
healthy/Normal_Skin_244_png.rf.5cd19bdc520c094f9b25072cacf324a2.jpg,0,0,0,0,0,0,HEALTHY
healthy/RedDanecattle143.jpg,0,0,0,0,0,0,HEALTHY
healthy/Ayrshirecattle88.jpg,0,0,0,0,0,0,HEALTHY
healthy/imgs427.jpg,0,0,0,0,0,0,HEALTHY
healthy/imgs032.jpg,0,0,0,0,0,0,HEALTHY
healthy/Non-diseased-muzzle-29-with-tongue_jpg.rf.01afebe089e48ab4acfffc1e4c57c40d.jpg,0,0,0,0,0,0,HEALTHY
healthy/imgs045.jpg,0,0,0,0,0,0,HEALTHY
healthy/Non-diseased-muzzle-29-with-tongue_jpg.rf.e292f207711fa9fc28024548a929fd36.jpg,0,0,0,0,0,0,HEALTHY
healthy/HolsteinFriesiancattle102.jpg,0,0,0,0,0,0,HEALTHY
healthy/healthymouth_17_jpg.rf.b566b24e87f4c5207c7e06818d3fca93.jpg,0,0,0,0,0,0,HEALTHY
healthy/Normal_Skin_595-resized.jpg,0,0,0,0,0,0,HEALTHY
healthy/imgs502.jpg,0,0,0,0,0,0,HEALTHY
healthy/imgs205.jpg,0,0,0,0,0,0,HEALTHY
healthy/Jerseycattle137.jpg,0,0,0,0,0,0,HEALTHY
healthy/Jerseycattle11.jpg,0,0,0,0,0,0,HEALTHY
healthy/Non-diseased-muzzle-2_jpeg.rf.ffe0027a6c92fad2d1acb1a49c7fdb77.jpg,0,0,0,0,0,0,HEALTHY
healthy/imgs062.jpg,0,0,0,0,0,0,HEALTHY
healthy/imgs204.jpg,0,0,0,0,0,0,HEALTHY
healthy/HolsteinFriesiancattle85.jpg,0,0,0,0,0,0,HEALTHY
healthy/imgs264(1).jpg,0,0,0,0,0,0,HEALTHY
healthy/imgs158.jpg,0,0,0,0,0,0,HEALTHY
healthy/imgs340.jpg,0,0,0,0,0,0,HEALTHY
healthy/Ayrshirecattle7.jpg,0,0,0,0,0,0,HEALTHY
healthy/imgs207.jpg,0,0,0,0,0,0,HEALTHY
healthy/BrownSwisscattle146_c.jpg,0,0,0,0,0,0,HEALTHY
healthy/imgs306.jpg,0,0,0,0,0,0,HEALTHY
healthy/HolsteinFriesiancattle103.jpg,0,0,0,0,0,0,HEALTHY
healthy/Jerseycattle113.jpg,0,0,0,0,0,0,HEALTHY
healthy/imgs134.jpg,0,0,0,0,0,0,HEALTHY
healthy/HolsteinFriesiancattle19_c.jpg,0,0,0,0,0,0,HEALTHY
healthy/sapi_f_7.jpg,0,0,0,0,0,0,HEALTHY
healthy/imgs279.jpg,0,0,0,0,0,0,HEALTHY
healthy/imgs268(1).jpg,0,0,0,0,0,0,HEALTHY
healthy/imgs030.jpg,0,0,0,0,0,0,HEALTHY
healthy/Normal_Skin_243_png.rf.090ec2c522227c53758368b6a40b7fc0.jpg,0,0,0,0,0,0,HEALTHY
healthy/HolsteinFriesiancattle83.jpg,0,0,0,0,0,0,HEALTHY
healthy/imgs477.jpg,0,0,0,0,0,0,HEALTHY
healthy/imgs308.jpg,0,0,0,0,0,0,HEALTHY
healthy/imgs310.jpg,0,0,0,0,0,0,HEALTHY
healthy/imgs300.jpg,0,0,0,0,0,0,HEALTHY
healthy/imgs027.jpg,0,0,0,0,0,0,HEALTHY
healthy/Normal_Skin_79_png.rf.070d631629f8dc44e961a892de631a48.jpg,0,0,0,0,0,0,HEALTHY
healthy/imgs478.jpg,0,0,0,0,0,0,HEALTHY
healthy/imgs418.jpg,0,0,0,0,0,0,HEALTHY
healthy/imgs250.jpg,0,0,0,0,0,0,HEALTHY
healthy/imgs041.jpg,0,0,0,0,0,0,HEALTHY
healthy/healthymouth_13_jpg.rf.dccbbd0610dc96f1f97a582f6544b434.jpg,0,0,0,0,0,0,HEALTHY
healthy/RedDanecattle6.jpg,0,0,0,0,0,0,HEALTHY
healthy/Ayrshirecattle119.jpg,0,0,0,0,0,0,HEALTHY
healthy/Jerseycattle78.jpg,0,0,0,0,0,0,HEALTHY
healthy/Jerseycattle111.jpg,0,0,0,0,0,0,HEALTHY
healthy/imgs428.jpg,0,0,0,0,0,0,HEALTHY
healthy/HolsteinFriesiancattle84.jpg,0,0,0,0,0,0,HEALTHY
healthy/imgs020.jpg,0,0,0,0,0,0,HEALTHY
healthy/imgs476.jpg,0,0,0,0,0,0,HEALTHY
healthy/HolsteinFriesiancattle121.jpg,0,0,0,0,0,0,HEALTHY
healthy/imgs439.jpg,0,0,0,0,0,0,HEALTHY
healthy/RedDanecattle11.jpg,0,0,0,0,0,0,HEALTHY
healthy/Ayrshirecattle109.jpg,0,0,0,0,0,0,HEALTHY
healthy/BrownSwisscattle132.jpg,0,0,0,0,0,0,HEALTHY
healthy/Ayrshirecattle68.jpg,0,0,0,0,0,0,HEALTHY
healthy/Normal_Skin_564-resized.jpg,0,0,0,0,0,0,HEALTHY
healthy/imgs042.jpg,0,0,0,0,0,0,HEALTHY
healthy/Non-diseased-muzzle-7_jpg.rf.7c204812dcb5afa18032cab6a13dfa4c.jpg,0,0,0,0,0,0,HEALTHY
healthy/Jerseycattle45.jpg,0,0,0,0,0,0,HEALTHY
healthy/RedDanecattle86.jpg,0,0,0,0,0,0,HEALTHY
healthy/HolsteinFriesiancattle38_c.jpg,0,0,0,0,0,0,HEALTHY
healthy/Normal_Skin_586-resized.jpg,0,0,0,0,0,0,HEALTHY
healthy/imgs245.jpg,0,0,0,0,0,0,HEALTHY
healthy/BrownSwisscattle67.jpg,0,0,0,0,0,0,HEALTHY
healthy/healthymouth_12_jpg.rf.0008e8c777349aca7ff9fa9def13d064.jpg,0,0,0,0,0,0,HEALTHY
healthy/imgs057.jpg,0,0,0,0,0,0,HEALTHY
healthy/Non-diseased-muzzle-6_jpg.rf.5720b47ce290a857129e610209033529.jpg,0,0,0,0,0,0,HEALTHY
healthy/Jerseycattle4.jpg,0,0,0,0,0,0,HEALTHY
healthy/Jerseycattle8_c.jpg,0,0,0,0,0,0,HEALTHY
healthy/Normal_Skin_215_png.rf.8039277bcac9ad2d66f3b4e9d4ad8471.jpg,0,0,0,0,0,0,HEALTHY
healthy/Jerseycattle33.jpg,0,0,0,0,0,0,HEALTHY
healthy/Non-diseased-muzzle-28-with-tongue_jpg.rf.0226ecf4b2f3cda62225e8c2f5a5e171.jpg,0,0,0,0,0,0,HEALTHY
healthy/Normal_Skin_591-resized.jpg,0,0,0,0,0,0,HEALTHY
healthy/imgs101.jpg,0,0,0,0,0,0,HEALTHY
healthy/imgs487.jpg,0,0,0,0,0,0,HEALTHY
healthy/Non-diseased-muzzle-30_jpg.rf.2015f5c4aa083e2ed7ff311bd0125040.jpg,0,0,0,0,0,0,HEALTHY
healthy/imgs385.jpg,0,0,0,0,0,0,HEALTHY
healthy/Jerseycattle124.jpg,0,0,0,0,0,0,HEALTHY
healthy/BB24012024151720_front_png_jpg.rf.0d6e48d38ec7e82153e9a82baea5cb26.jpg,0,0,0,0,0,0,HEALTHY
healthy/non-diseased-muzzle-12-with-tongue_jpg.rf.80db514b2490360dcddd223dbebc1010.jpg,0,0,0,0,0,0,HEALTHY
healthy/imgs194.jpg,0,0,0,0,0,0,HEALTHY
healthy/BrownSwisscattle21.jpg,0,0,0,0,0,0,HEALTHY
healthy/imgs078.jpg,0,0,0,0,0,0,HEALTHY
healthy/imgs383.jpg,0,0,0,0,0,0,HEALTHY
healthy/imgs456.jpg,0,0,0,0,0,0,HEALTHY
healthy/imgs102.jpg,0,0,0,0,0,0,HEALTHY
healthy/Normal_Skin_261_png.rf.a4e5309db2e686fad5831216795bc8d9.jpg,0,0,0,0,0,0,HEALTHY
healthy/BrownSwisscattle28.jpg,0,0,0,0,0,0,HEALTHY
healthy/Ayrshirecattle34.jpg,0,0,0,0,0,0,HEALTHY
healthy/Ayrshirecattle44.jpg,0,0,0,0,0,0,HEALTHY
healthy/RedDanecattle22.jpg,0,0,0,0,0,0,HEALTHY
healthy/sapi_v_6.jpg,0,0,0,0,0,0,HEALTHY
healthy/Ayrshirecattle133.jpg,0,0,0,0,0,0,HEALTHY
healthy/HolsteinFriesiancattle67.jpg,0,0,0,0,0,0,HEALTHY
healthy/imgs346.jpg,0,0,0,0,0,0,HEALTHY
healthy/Non-diseased-muzzle-9_jpg.rf.1c87c5fda40860804aaf70dcb9a8688b.jpg,0,0,0,0,0,0,HEALTHY
healthy/Normal_Skin_247_png.rf.cf06c3337481facba781a6499ecdb1d7.jpg,0,0,0,0,0,0,HEALTHY
healthy/Normal_Skin_260_png.rf.52e5ad8e3562a33379d036f04be12cc5.jpg,0,0,0,0,0,0,HEALTHY
healthy/HolsteinFriesiancattle15_c.jpg,0,0,0,0,0,0,HEALTHY
healthy/imgs161.jpg,0,0,0,0,0,0,HEALTHY
healthy/HolsteinFriesiancattle129.jpg,0,0,0,0,0,0,HEALTHY
healthy/imgs355.jpg,0,0,0,0,0,0,HEALTHY
healthy/imgs075.jpg,0,0,0,0,0,0,HEALTHY
healthy/imgs442.jpg,0,0,0,0,0,0,HEALTHY
healthy/imgs230.jpg,0,0,0,0,0,0,HEALTHY
healthy/imgs443.jpg,0,0,0,0,0,0,HEALTHY
healthy/imgs326.jpg,0,0,0,0,0,0,HEALTHY
healthy/HolsteinFriesiancattle27_c.jpg,0,0,0,0,0,0,HEALTHY
healthy/imgs316.jpg,0,0,0,0,0,0,HEALTHY
healthy/imgs319.jpg,0,0,0,0,0,0,HEALTHY
healthy/RedDanecattle119.jpg,0,0,0,0,0,0,HEALTHY
healthy/Ayrshirecattle86.jpg,0,0,0,0,0,0,HEALTHY
healthy/imgs080.jpg,0,0,0,0,0,0,HEALTHY
healthy/Normal_Skin_558-resized.jpg,0,0,0,0,0,0,HEALTHY
healthy/imgs374.jpg,0,0,0,0,0,0,HEALTHY
healthy/Jerseycattle55.jpg,0,0,0,0,0,0,HEALTHY
healthy/imgs198.jpg,0,0,0,0,0,0,HEALTHY
healthy/imgs354.jpg,0,0,0,0,0,0,HEALTHY
healthy/Ayrshirecattle100.jpg,0,0,0,0,0,0,HEALTHY
healthy/imgs491.jpg,0,0,0,0,0,0,HEALTHY
healthy/imgs444.jpg,1,0,0,1,1,0,CBPP
healthy/Ayrshirecattle87.jpg,1,0,0,1,1,0,CBPP
healthy/HolsteinFriesiancattle105.jpg,1,0,0,1,1,0,CBPP
healthy/imgs348.jpg,1,0,0,1,1,0,CBPP
healthy/imgs325.jpg,1,0,0,1,1,0,CBPP
healthy/imgs384.jpg,1,0,0,1,1,0,CBPP
healthy/Non-diseased-muzzle-32-with-tongue_jpg.rf.048c8bb0e9f0619fcc8a9e8ba95eb84c.jpg,1,0,0,1,1,0,CBPP
healthy/imgs497.jpg,1,0,0,1,1,0,CBPP
healthy/HolsteinFriesiancattle132.jpg,1,0,0,1,1,0,CBPP
healthy/imgs394(1).jpg,1,0,0,1,1,0,CBPP
healthy/imgs397.jpg,1,0,0,1,1,0,CBPP
healthy/imgs474.jpg,1,0,0,1,1,0,CBPP
healthy/imgs235.jpg,1,0,0,1,1,0,CBPP
healthy/Ayrshirecattle134.jpg,1,0,0,1,1,0,CBPP
healthy/BB02022024173547_left-png_jpg_jpeg_jpg.rf.29a50dab48c27d4594f21a7f8ea474e5.jpg,1,0,0,1,1,0,CBPP
healthy/Ayrshirecattle22.jpg,1,0,0,1,1,0,CBPP
healthy/HolsteinFriesiancattle40_c.jpg,1,0,0,1,1,0,CBPP
healthy/BB19012024175102_left_png_jpeg_jpg.rf.de976a66d9a5f8adf5ded951bb511036.jpg,1,0,0,1,1,0,CBPP
healthy/imgs395.jpg,1,0,0,1,1,0,CBPP
healthy/HolsteinFriesiancattle49_c.jpg,1,0,0,1,1,0,CBPP
healthy/BrownSwisscattle135_c.jpg,1,0,0,1,1,0,CBPP
healthy/imgs202.jpg,1,0,0,1,1,0,CBPP
healthy/RedDanecattle3.jpg,1,0,0,1,1,0,CBPP
healthy/imgs049.jpg,1,0,0,1,1,0,CBPP
healthy/HolsteinFriesiancattle66.jpg,1,0,0,1,1,0,CBPP
healthy/Ayrshirecattle135.jpg,1,0,0,1,1,0,CBPP
healthy/Ayrshirecattle43.jpg,1,0,0,1,1,0,CBPP
healthy/imgs406.jpg,1,0,0,1,1,0,CBPP
healthy/imgs056.jpg,1,0,0,1,1,0,CBPP
healthy/imgs357.jpg,1,0,0,1,1,0,CBPP
healthy/BB29012024091841_muzzle_png_jpg.rf.e3d3c8f37ac2184d50ff0d8280834da7.jpg,1,0,0,1,1,0,CBPP
healthy/Non-diseased-muzzle-3_jpeg.rf.104a8c4a57e7f7e96d549dd51ed158ae.jpg,1,0,0,1,1,0,CBPP
healthy/Jerseycattle32.jpg,1,0,0,1,1,0,CBPP
healthy/Jerseycattle88.jpg,1,0,0,1,1,0,CBPP
healthy/HolsteinFriesiancattle69_c.jpg,1,0,0,1,1,0,CBPP
healthy/RedDanecattle111.jpg,1,0,0,1,1,0,CBPP
healthy/imgs373.jpg,1,0,0,1,1,0,CBPP
healthy/RedDanecattle77.jpg,1,0,0,1,1,0,CBPP
healthy/imgs370.jpg,1,0,0,1,1,0,CBPP
healthy/imgs505.jpg,1,0,0,1,1,0,CBPP
healthy/imgs388.jpg,1,0,0,1,1,0,CBPP
healthy/imgs516.jpg,1,0,0,1,1,0,CBPP
healthy/BrownSwisscattle89_c.jpg,1,0,0,1,1,0,CBPP
healthy/HolsteinFriesiancattle93.jpg,1,0,0,1,1,0,CBPP
healthy/imgs189.jpg,1,0,0,1,1,0,CBPP
healthy/HolsteinFriesiancattle5.jpg,1,0,0,1,1,0,CBPP
healthy/imgs272.jpg,1,0,0,1,1,0,CBPP
healthy/Ayrshirecattle51.jpg,1,0,0,1,1,0,CBPP
healthy/Ayrshirecattle105.jpg,1,0,0,1,1,0,CBPP
healthy/Normal_Skin_557-resized.jpg,1,0,0,1,1,0,CBPP
healthy/BrownSwisscattle81.jpg,1,0,0,1,1,0,CBPP
healthy/imgs432.jpg,1,0,0,1,1,0,CBPP
healthy/imgs421.jpg,1,0,0,1,1,0,CBPP
healthy/healthymouth_391_jpg.rf.9612f9087a1d2b34073077a887ba999b.jpg,1,0,0,1,1,0,CBPP
healthy/RedDanecattle47.jpg,1,0,0,1,1,0,CBPP
healthy/imgs036.jpg,1,0,0,1,1,0,CBPP
healthy/imgs010.jpg,1,0,0,1,1,0,CBPP
healthy/imgs304.jpg,1,0,0,1,1,0,CBPP
healthy/sapi_a_6.jpg,1,0,0,1,1,0,CBPP
healthy/imgs515.jpg,1,0,0,1,1,0,CBPP
healthy/HolsteinFriesiancattle55.jpg,1,0,0,1,1,0,CBPP
healthy/RedDanecattle5.jpg,1,0,0,1,1,0,CBPP
healthy/BB20012024144744_left_png_jpeg_jpg.rf.980a97318f58f2e45bc567bb76dbe85b.jpg,1,0,0,1,1,0,CBPP
healthy/Non-diseased-muzzle-4_jpeg.rf.7cdad39a105c449c4c12c2f71cad1043.jpg,1,0,0,1,1,0,CBPP
healthy/sapi_j_8.jpg,1,0,0,1,1,0,CBPP
healthy/RedDanecattle53.jpg,1,0,0,1,1,0,CBPP
healthy/BrownSwisscattle5.jpg,1,0,0,1,1,0,CBPP
healthy/HolsteinFriesiancattle11.jpg,1,0,0,1,1,0,CBPP
healthy/Normal_Skin_42_png.rf.a74754050001130c431b501c2c519580.jpg,1,0,0,1,1,0,CBPP
healthy/imgs447.jpg,1,0,0,1,1,0,CBPP
healthy/imgs302.jpg,1,0,0,1,1,0,CBPP
healthy/BrownSwisscattle66.jpg,1,0,0,1,1,0,CBPP
healthy/BrownSwisscattle138.jpg,1,0,0,1,1,0,CBPP
healthy/imgs417.jpg,1,0,0,1,1,0,CBPP
healthy/Jerseycattle108.jpg,1,0,0,1,1,0,CBPP
healthy/IMG_20220906_172622_jpg.rf.83dafa34f9696832bc0804d9f988131f.jpg,1,0,0,1,1,0,CBPP
healthy/imgs463.jpg,1,0,0,1,1,0,CBPP
healthy/Normal_Skin_249_png.rf.860678104b60fccab37a5b2719c2a7e0.jpg,1,0,0,1,1,0,CBPP
healthy/sapi_d1_8.jpg,1,0,0,1,1,0,CBPP
healthy/Non-diseased-muzzle-9-with-tongue_jpg.rf.ad79c6654742b7899a01770ef226d77f.jpg,1,0,0,1,1,0,CBPP
healthy/Normal_Skin_268_png.rf.bef4a2b270a2cefc6d75108f2ba719d1.jpg,1,0,0,1,1,0,CBPP
healthy/BrownSwisscattle54.jpg,1,0,0,1,1,0,CBPP
healthy/Jerseycattle0.jpg,1,0,0,1,1,0,CBPP
healthy/imgs350.jpg,1,0,0,1,1,0,CBPP
healthy/imgs012.jpg,1,0,0,1,1,0,CBPP
healthy/BrownSwisscattle97_c.jpg,1,0,0,1,1,0,CBPP
healthy/HolsteinFriesiancattle100.jpg,1,0,0,1,1,0,CBPP
healthy/imgs123.jpg,1,0,0,1,1,0,CBPP
healthy/imgs359.jpg,1,0,0,1,1,0,CBPP
healthy/sapi_y_17.jpg,1,0,0,1,1,0,CBPP
healthy/imgs401(1).jpg,1,0,0,1,1,0,CBPP
healthy/BrownSwisscattle82.jpg,1,0,0,1,1,0,CBPP
healthy/sapi_t_6.jpg,1,0,0,1,1,0,CBPP
healthy/BrownSwisscattle113.jpg,1,0,0,1,1,0,CBPP
healthy/imgs133.jpg,1,0,0,1,1,0,CBPP
healthy/Ayrshirecattle66.jpg,1,0,0,1,1,0,CBPP
healthy/imgs280.jpg,1,0,0,1,1,0,CBPP
healthy/HolsteinFriesiancattle23.jpg,1,0,0,1,1,0,CBPP
healthy/imgs492.jpg,1,0,0,1,1,0,CBPP
healthy/RedDanecattle114.jpg,1,0,0,1,1,0,CBPP
healthy/imgs117.jpg,1,0,0,1,1,0,CBPP
healthy/Ayrshirecattle36.jpg,1,0,0,1,1,0,CBPP
healthy/imgs218.jpg,1,0,0,1,1,0,CBPP
healthy/imgs113.jpg,1,0,0,1,1,0,CBPP
healthy/BrownSwisscattle19.jpg,1,0,0,1,1,0,CBPP
healthy/Ayrshirecattle72.jpg,1,0,0,1,1,0,CBPP
healthy/Non-diseased-muzzle-36-with-tongue_jpg.rf.9097a0a739ebde397d564af1e1edb686.jpg,1,0,0,1,1,0,CBPP
healthy/HolsteinFriesiancattle32_c.jpg,1,0,0,1,1,0,CBPP
healthy/Non-diseased-muzzle-3_jpeg.rf.64740429bd122800a5d6a26adaa371de.jpg,1,0,0,1,1,0,CBPP
healthy/imgs446.jpg,1,0,0,1,1,0,CBPP
healthy/imgs019.jpg,1,0,0,1,1,0,CBPP
healthy/sapi_a_10.jpg,1,0,0,1,1,0,CBPP
healthy/imgs063.jpg,1,0,0,1,1,0,CBPP
healthy/Ayrshirecattle16.jpg,1,0,0,1,1,0,CBPP
healthy/imgs286.jpg,1,0,0,1,1,0,CBPP
healthy/BrownSwisscattle53.jpg,1,0,0,1,1,0,CBPP
healthy/imgs103.jpg,1,0,0,1,1,0,CBPP
healthy/imgs402.jpg,1,0,0,1,1,0,CBPP
healthy/temp_file_1700807013093_jpeg_jpg.rf.cb48c6e50998169b9cde77fd7e9b571f.jpg,1,0,0,1,1,0,CBPP
healthy/imgs073.jpg,1,0,0,1,1,0,CBPP
healthy/Non-diseased-muzzle-36-with-tongue_jpg.rf.37fcb7fa08dc7a23209b0cf739cb0a5b.jpg,1,0,0,1,1,0,CBPP
healthy/RedDanecattle52.jpg,1,0,0,1,1,0,CBPP
healthy/BrownSwisscattle29.jpg,1,0,0,1,1,0,CBPP
healthy/imgs087.jpg,1,0,0,1,1,0,CBPP
healthy/Normal_Skin_172_png.rf.190ae94773f3d483b4e2f55f62a9fab8.jpg,1,0,0,1,1,0,CBPP
healthy/sapi_b_1.jpg,1,0,0,1,1,0,CBPP
healthy/imgs356.jpg,1,0,0,1,1,0,CBPP
healthy/BrownSwisscattle11.jpg,1,0,0,1,1,0,CBPP
healthy/HolsteinFriesiancattle112.jpg,1,0,0,1,1,0,CBPP
healthy/imgs021.jpg,1,0,0,1,1,0,CBPP
healthy/Non-diseased-muzzle-1_jpeg.rf.6b3c39dc9dadb09d8a5054fb5dbd45c1.jpg,1,0,0,1,1,0,CBPP
healthy/imgs237.jpg,1,0,0,1,1,0,CBPP
healthy/BrownSwisscattle15.jpg,1,0,0,1,1,0,CBPP
healthy/imgs407(1).jpg,1,0,0,1,1,0,CBPP
healthy/imgs471.jpg,1,0,0,1,1,0,CBPP
healthy/BB19012024174448_front_png.rf.8f8d95e4c046e027495838cb7a8342fb.jpg,1,0,0,1,1,0,CBPP
healthy/Non-diseased-muzzle-8-with-tongue_jpg.rf.7faa2961f253d8622b31bf0ef09fab03.jpg,1,0,0,1,1,0,CBPP
healthy/Non-diseased-muzzle-14-with-tongue_jpg.rf.77005349d37656d45347bb3bd2a3df69.jpg,1,0,0,1,1,0,CBPP
healthy/Normal_Skin_56-resized.jpg,1,0,0,1,1,0,CBPP
healthy/HolsteinFriesiancattle12.jpg,1,0,0,1,1,0,CBPP
healthy/Jerseycattle24.jpg,1,0,0,1,1,0,CBPP
healthy/Normal_Skin_263_png.rf.0f205a91c872fca7b704327cd4762db2.jpg,1,0,0,1,1,0,CBPP
healthy/imgs262(1).jpg,1,0,0,1,1,0,CBPP
healthy/imgs293.jpg,1,0,0,1,1,0,CBPP
healthy/imgs215.jpg,1,0,0,1,1,0,CBPP
healthy/imgs160.jpg,1,0,0,1,1,0,CBPP
healthy/imgs213.jpg,1,0,0,1,1,0,CBPP
healthy/imgs222.jpg,1,0,0,1,1,0,CBPP
healthy/imgs292.jpg,1,0,0,1,1,0,CBPP
healthy/Non-diseased-muzzle-30-with-tongue_jpg.rf.4ac6d266c37986490d489955ea161c1d.jpg,1,0,0,1,1,0,CBPP
healthy/healthymouth_4_jpg.rf.b9b6ed16f069436b3aa73800bad905f9.jpg,1,0,0,1,1,0,CBPP
healthy/Ayrshirecattle111.jpg,1,0,0,1,1,0,CBPP
healthy/BrownSwisscattle46.jpg,1,0,0,1,1,0,CBPP
healthy/imgs048.jpg,1,0,0,1,1,0,CBPP
healthy/imgs368.jpg,1,0,0,1,1,0,CBPP
healthy/imgs051.jpg,1,0,0,1,1,0,CBPP
healthy/imgs074.jpg,1,0,0,1,1,0,CBPP
healthy/Jerseycattle14.jpg,1,0,0,1,1,0,CBPP
healthy/Non-diseased-muzzle-7_jpg.rf.4eba24f5c3570c0f7a4d93e404010ec2.jpg,1,0,0,1,1,0,CBPP
healthy/imgs116.jpg,1,0,0,1,1,0,CBPP
healthy/HolsteinFriesiancattle61_c.jpg,1,0,0,1,1,0,CBPP
healthy/image_UHJvZHVjdDoxOTg2_731ab393_jpg.rf.4d3891ed9f583ae109924a8f9d3462a5.jpg,1,0,0,1,1,0,CBPP
healthy/imgs132.jpg,1,0,0,1,1,0,CBPP
healthy/imgs480.jpg,1,0,0,1,1,0,CBPP
healthy/imgs179.jpg,1,0,0,1,1,0,CBPP
healthy/imgs089.jpg,1,0,0,1,1,0,CBPP
healthy/imgs507.jpg,1,0,0,1,1,0,CBPP
healthy/imgs313.jpg,1,0,0,1,1,0,CBPP
healthy/BrownSwisscattle17.jpg,1,0,0,1,1,0,CBPP
healthy/Jerseycattle38.jpg,1,0,0,1,1,0,CBPP
healthy/imgs277.jpg,1,0,0,1,1,0,CBPP
healthy/imgs180.jpg,1,0,0,1,1,0,CBPP
healthy/imgs260.jpg,1,0,0,1,1,0,CBPP
healthy/BrownSwisscattle95_c.jpg,1,0,0,1,1,0,CBPP
healthy/HolsteinFriesiancattle116.jpg,1,0,0,1,1,0,CBPP
healthy/imgs236.jpg,1,0,0,1,1,0,CBPP
healthy/imgs431.jpg,1,0,0,1,1,0,CBPP
healthy/Jerseycattle3.jpg,1,0,0,1,1,0,CBPP
healthy/sapi_o_3.jpg,1,0,0,1,1,0,CBPP
healthy/IMG_20220906_173442_jpg.rf.6eddd80d215675835acbf6e6a4a2ba3e.jpg,1,0,0,1,1,0,CBPP
healthy/imgs088.jpg,1,0,0,1,1,0,CBPP
healthy/imgs453.jpg,1,0,0,1,1,0,CBPP
healthy/Non-diseased-muzzle-24_jpg.rf.574fe028e80c11ed178f753d61873b38.jpg,1,0,0,1,1,0,CBPP
healthy/HolsteinFriesiancattle8.jpg,1,0,0,1,1,0,CBPP
healthy/imgs098.jpg,1,0,0,1,1,0,CBPP
healthy/imgs231.jpg,1,0,0,1,1,0,CBPP
healthy/BB20012024131939_right_png_jpeg_jpg.rf.cf8ba7946411648cd42ecd092a2fd4d5.jpg,1,0,0,1,1,0,CBPP
healthy/imgs499.jpg,1,0,0,1,1,0,CBPP
healthy/Ayrshirecattle141.jpg,1,0,0,1,1,0,CBPP
healthy/HolsteinFriesiancattle13.jpg,1,0,0,1,1,0,CBPP
healthy/Non-diseased-muzzle-44-with-tongue_jpg.rf.38b885e675345a76eb79892fc741a243.jpg,1,0,0,1,1,0,CBPP
healthy/HolsteinFriesiancattle117.jpg,1,0,0,1,1,0,CBPP
healthy/Non-diseased-muzzle-20_jpg.rf.c4bfd3e94a9fd87a792e9b2b7a1f8ab6.jpg,1,0,0,1,1,0,CBPP
healthy/imgs253.jpg,1,0,0,1,1,0,CBPP
healthy/Ayrshirecattle117.jpg,1,0,0,1,1,0,CBPP
healthy/Non-diseased-muzzle-6-with-tongue_jpg.rf.5671bd0bb07947a3a9d465f460e5377b.jpg,1,0,0,1,1,0,CBPP
healthy/HolsteinFriesiancattle29.jpg,1,0,0,1,1,0,CBPP
healthy/BB20012024145742_left_png_jpeg_jpg.rf.7c99ecb3ae4aae9ebbd59d2fd528c1dd.jpg,1,0,0,1,1,0,CBPP
healthy/HolsteinFriesiancattle78.jpg,1,0,0,1,1,0,CBPP
healthy/sapi_x_15.jpg,1,0,0,1,1,0,CBPP
healthy/imgs199.jpg,1,0,0,0,0,1,ECF
healthy/imgs225.jpg,1,0,0,0,0,1,ECF
healthy/sapi_b_5.jpg,1,0,0,0,0,1,ECF
healthy/imgs099.jpg,1,0,0,0,0,1,ECF
healthy/imgs190.jpg,1,0,0,0,0,1,ECF
healthy/HolsteinFriesiancattle122.jpg,1,0,0,0,0,1,ECF
healthy/Non-diseased-muzzle-34-with-tongue_jpg.rf.1d89dc5723136c3aa4f0f894c84c09dc.jpg,1,0,0,0,0,1,ECF
healthy/imgs007.jpg,1,0,0,0,0,1,ECF
healthy/Non-diseased-muzzle-30_jpg.rf.20e51e444a0733a77050156fbc7dfb3a.jpg,1,0,0,0,0,1,ECF
healthy/BrownSwisscattle40.jpg,1,0,0,0,0,1,ECF
healthy/imgs182.jpg,1,0,0,0,0,1,ECF
healthy/BrownSwisscattle42.jpg,1,0,0,0,0,1,ECF
healthy/imgs278(1).jpg,1,0,0,0,0,1,ECF
healthy/IMG_20220906_172526_jpg.rf.812849bf2393773814a86d2076d1150a.jpg,1,0,0,0,0,1,ECF
healthy/BrownSwisscattle13.jpg,1,0,0,0,0,1,ECF
healthy/sapi_b1_16.jpg,1,0,0,0,0,1,ECF
healthy/Jerseycattle136.jpg,1,0,0,0,0,1,ECF
healthy/sapi_v_8.jpg,1,0,0,0,0,1,ECF
healthy/Ayrshirecattle32.jpg,1,0,0,0,0,1,ECF
healthy/Non-diseased-muzzle-19-with-tongue_jpg.rf.43df37e40cfcbe52c82c6041734d1380.jpg,1,0,0,0,0,1,ECF
healthy/Normal_Skin_257_png.rf.9e3e7ea00c25db12a3c8de9c6234fd7b.jpg,1,0,0,0,0,1,ECF
healthy/imgs238.jpg,1,0,0,0,0,1,ECF
healthy/Jerseycattle132.jpg,1,0,0,0,0,1,ECF
healthy/Jerseycattle92.jpg,1,0,0,0,0,1,ECF
healthy/Non-diseased-muzzle-29_jpg.rf.b70a968e0eb4ff167fc57d4cde411f1b.jpg,1,0,0,0,0,1,ECF
healthy/imgs091.jpg,1,0,0,0,0,1,ECF
healthy/Non-diseased-muzzle-41-with-tongue_jpg.rf.232d6c9975943c7263860d138204b970.jpg,1,0,0,0,0,1,ECF
healthy/imgs458.jpg,1,0,0,0,0,1,ECF
healthy/BrownSwisscattle72_c.jpg,1,0,0,0,0,1,ECF
healthy/imgs358.jpg,1,0,0,0,0,1,ECF
healthy/imgs210.jpg,1,0,0,0,0,1,ECF
healthy/healthymouth_110_jpg.rf.f4870e93caf10416cff0b7dff9000363.jpg,1,0,0,0,0,1,ECF
healthy/Non-diseased-muzzle-28_jpg.rf.a54ef91af6bb057891863c22a33c1947.jpg,1,0,0,0,0,1,ECF
healthy/imgs455.jpg,1,0,0,0,0,1,ECF
healthy/imgs361.jpg,1,0,0,0,0,1,ECF
healthy/imgs052.jpg,1,0,0,0,0,1,ECF
healthy/imgs148.jpg,1,0,0,0,0,1,ECF
healthy/imgs495.jpg,1,0,0,0,0,1,ECF
healthy/Ayrshirecattle81.jpg,1,0,0,0,0,1,ECF
healthy/Ayrshirecattle107.jpg,1,0,0,0,0,1,ECF
healthy/imgs338.jpg,1,0,0,0,0,1,ECF
healthy/imgs392(1).jpg,1,0,0,0,0,1,ECF
healthy/imgs315.jpg,1,0,0,0,0,1,ECF
healthy/HolsteinFriesiancattle25.jpg,1,0,0,0,0,1,ECF
healthy/imgs465.jpg,1,0,0,0,0,1,ECF
healthy/Non-diseased-muzzle-25-with-tongue_jpg.rf.9aceb0de8bc328fcfcf39c487fe06a34.jpg,1,0,0,0,0,1,ECF
healthy/imgs025.jpg,1,0,0,0,0,1,ECF
healthy/BrownSwisscattle59.jpg,1,0,0,0,0,1,ECF
healthy/HolsteinFriesiancattle81.jpg,1,0,0,0,0,1,ECF
healthy/Jerseycattle75.jpg,1,0,0,0,0,1,ECF
healthy/Ayrshirecattle46.jpg,1,0,0,0,0,1,ECF
healthy/Jerseycattle1.jpg,1,0,0,0,0,1,ECF
healthy/imgs165.jpg,1,0,0,0,0,1,ECF
healthy/Ayrshirecattle30.jpg,1,0,0,0,0,1,ECF
healthy/imgs460.jpg,1,0,0,0,0,1,ECF
healthy/imgs296.jpg,1,0,0,0,0,1,ECF
healthy/HolsteinFriesiancattle10.jpg,1,0,0,0,0,1,ECF
healthy/Ayrshirecattle127.jpg,1,0,0,0,0,1,ECF
healthy/healthymouth_118_jpg.rf.8fa07315338390f37615dc6e7be0b3c9.jpg,1,0,0,0,0,1,ECF
healthy/Ayrshirecattle144.jpg,1,0,0,0,0,1,ECF
healthy/Ayrshirecattle76.jpg,1,0,0,0,0,1,ECF
healthy/Non-diseased-muzzle-42-with-tongue_jpg.rf.a96303d00c9930838ed300c4e722195d.jpg,1,0,0,0,0,1,ECF
healthy/imgs426.jpg,1,0,0,0,0,1,ECF
healthy/Normal_Skin_251_png.rf.fc442aa9be0bf923678abc4675c1c733.jpg,1,0,0,0,0,1,ECF
healthy/imgs130.jpg,1,0,0,0,0,1,ECF
healthy/Non-diseased-muzzle-15-with-tongue_jpg.rf.bf6ed9aca0d874121ba4e4fcd19a53ea.jpg,1,0,0,0,0,1,ECF
healthy/healthymouth_4_jpg.rf.91b3fba51c4bf51acaf25600d4417f6b.jpg,1,0,0,0,0,1,ECF
healthy/HolsteinFriesiancattle96.jpg,1,0,0,0,0,1,ECF
healthy/Non-diseased-muzzle-20_jpg.rf.4cfc573f7ab1c5b77674d8fae4453c27.jpg,1,0,0,0,0,1,ECF
healthy/Non-diseased-muzzle-13_jpg.rf.8fb2e91d9736a1c3c90da3527838a26f.jpg,1,0,0,0,0,1,ECF
healthy/Non-diseased-muzzle-16_jpg.rf.610d23d5fdd660a6b23cd31c8a9d5591.jpg,1,0,0,0,0,1,ECF
healthy/imgs485.jpg,1,0,0,0,0,1,ECF
healthy/BrownSwisscattle101_c.jpg,1,0,0,0,0,1,ECF
healthy/imgs408.jpg,1,0,0,0,0,1,ECF
healthy/imgs419.jpg,1,0,0,0,0,1,ECF
healthy/Normal_Skin_184_png.rf.47cbca58ff17c241ea5cedab091c8cf3.jpg,1,0,0,0,0,1,ECF
healthy/Non-diseased-muzzle-13-with-tongue_jpg.rf.8723f0083d06f68cd8ee2c8a0570e62d.jpg,1,0,0,0,0,1,ECF
healthy/sapi_g_5.jpg,1,0,0,0,0,1,ECF
healthy/Normal_Skin_27_png.rf.be2c3616f1fe148c75cdafc16c168b63.jpg,1,0,0,0,0,1,ECF
healthy/Normal_Skin_176_png.rf.f6a6268bdbc4550ccc3074387f3d5201.jpg,1,0,0,0,0,1,ECF
healthy/Normal_Skin_254_png.rf.1ec3153e184ea7622716c69e0d27c447.jpg,1,0,0,0,0,1,ECF
healthy/HolsteinFriesiancattle20.jpg,1,0,0,0,0,1,ECF
healthy/imgs111.jpg,1,0,0,0,0,1,ECF
healthy/imgs009.jpg,1,0,0,0,0,1,ECF
healthy/Non-diseased-muzzle-9_jpg.rf.87cc33a9d70dcab6d9ca84f11646082e.jpg,1,0,0,0,0,1,ECF
healthy/imgs498.jpg,1,0,0,0,0,1,ECF
healthy/Ayrshirecattle74.jpg,1,0,0,0,0,1,ECF
healthy/imgs331.jpg,1,0,0,0,0,1,ECF
healthy/Ayrshirecattle57.jpg,1,0,0,0,0,1,ECF
healthy/BB29012024092257_muzzle_png_jpg.rf.2c803e1a0f08b671843c1108309e71f6.jpg,1,0,0,0,0,1,ECF
healthy/imgs266(1).jpg,1,0,0,0,0,1,ECF
healthy/healthymouth_92_jpg.rf.0b3af0599f241d6fe2075c7bb8920414.jpg,1,0,0,0,0,1,ECF
healthy/imgs342.jpg,1,0,0,0,0,1,ECF
healthy/imgs131.jpg,1,0,0,0,0,1,ECF
healthy/RedDanecattle62.jpg,1,0,0,0,0,1,ECF
healthy/Ayrshirecattle95.jpg,1,0,0,0,0,1,ECF
healthy/Normal_Skin_177_png.rf.73cbab2fc4d79db8b22493c107ae4320.jpg,1,0,0,0,0,1,ECF
healthy/BrownSwisscattle112.jpg,1,0,0,0,0,1,ECF
healthy/Non-diseased-muzzle-10_jpg.rf.cc997e6ed2e1eb26ba763cb77be79b71.jpg,1,0,0,0,0,1,ECF
healthy/Ayrshirecattle67.jpg,1,0,0,0,0,1,ECF
healthy/imgs307.jpg,1,0,0,0,0,1,ECF
healthy/HolsteinFriesiancattle90.jpg,1,0,0,0,0,1,ECF
healthy/Ayrshirecattle118.jpg,1,0,0,0,0,1,ECF
healthy/imgs422.jpg,1,0,0,0,0,1,ECF
healthy/BrownSwisscattle0.jpg,1,0,0,0,0,1,ECF
healthy/imgs171.jpg,1,0,0,0,0,1,ECF
healthy/imgs261(1).jpg,1,0,0,0,0,1,ECF
healthy/RedDanecattle12.jpg,1,0,0,0,0,1,ECF
healthy/RedDanecattle109.jpg,1,0,0,0,0,1,ECF
healthy/Non-diseased-muzzle-38-with-tongue_jpg.rf.1839e8e839aaa2a8f8bb9e7df1e8437b.jpg,1,0,0,0,0,1,ECF
healthy/Jerseycattle147.jpg,1,0,0,0,0,1,ECF
healthy/imgs309.jpg,1,0,0,0,0,1,ECF
healthy/BrownSwisscattle31.jpg,1,0,0,0,0,1,ECF
healthy/imgs377.jpg,1,0,0,0,0,1,ECF
healthy/BrownSwisscattle76.jpg,1,0,0,0,0,1,ECF
healthy/HolsteinFriesiancattle74.jpg,1,0,0,0,0,1,ECF
healthy/imgs147.jpg,1,0,0,0,0,1,ECF
healthy/BB01022024175336_front-png_jpg.rf.e7fd0a8ca8d7dce0beab85120d3b5708.jpg,1,0,0,0,0,1,ECF
healthy/Ayrshirecattle65.jpg,1,0,0,0,0,1,ECF
healthy/healthymouth_13_jpg.rf.45c702104cca5a10290406d1caaca5ca.jpg,1,0,0,0,0,1,ECF
healthy/imgs155.jpg,1,0,0,0,0,1,ECF
healthy/imgs136.jpg,1,0,0,0,0,1,ECF
healthy/imgs086.jpg,1,0,0,0,0,1,ECF
healthy/imgs412.jpg,1,0,0,0,0,1,ECF
healthy/imgs018.jpg,1,0,0,0,0,1,ECF
healthy/Jerseycattle27.jpg,1,0,0,0,0,1,ECF
healthy/HolsteinFriesiancattle140.jpg,1,0,0,0,0,1,ECF
healthy/imgs398.jpg,1,0,0,0,0,1,ECF
healthy/Normal_Skin_32_png.rf.105c6f5d10ce89c611adfc006f0d4d92.jpg,1,0,0,0,0,1,ECF
healthy/imgs496.jpg,1,0,0,0,0,1,ECF
healthy/RedDanecattle94.jpg,1,0,0,0,0,1,ECF
healthy/Normal_Skin_565-resized.jpg,1,0,0,0,0,1,ECF
healthy/RedDanecattle27.jpg,1,0,0,0,0,1,ECF
healthy/imgs436.jpg,1,0,0,0,0,1,ECF
healthy/healthymouth_110_jpg.rf.9147eb6b341255cd7eda10ab198ea9c8.jpg,1,0,0,0,0,1,ECF
healthy/imgs271(1).jpg,1,0,0,0,0,1,ECF
healthy/Non-diseased-muzzle-46-with-tongue_jpg.rf.b3b610a4fdf93fa44ad1ce404d7bffd4.jpg,1,0,0,0,0,1,ECF
healthy/Ayrshirecattle145.jpg,1,0,0,0,0,1,ECF
healthy/imgs184.jpg,1,0,0,0,0,1,ECF
healthy/sapi_i_4.jpg,1,0,0,0,0,1,ECF
healthy/imgs220.jpg,1,0,0,0,0,1,ECF
healthy/BrownSwisscattle58.jpg,1,0,0,0,0,1,ECF
healthy/HolsteinFriesiancattle135.jpg,1,0,0,0,0,1,ECF
healthy/imgs483.jpg,1,0,0,0,0,1,ECF
healthy/Jerseycattle138.jpg,1,0,0,0,0,1,ECF
healthy/imgs372.jpg,1,0,0,0,0,1,ECF
healthy/IMG_20220906_172622_jpg.rf.183c8b76c1b6b782e67dbebd5a880f8f.jpg,1,0,0,0,0,1,ECF
healthy/sapi_a1_5.jpg,1,0,0,0,0,1,ECF
healthy/BrownSwisscattle127_c.jpg,1,0,0,0,0,1,ECF
healthy/BrownSwisscattle103.jpg,1,0,0,0,0,1,ECF
healthy/imgs183.jpg,1,0,0,0,0,1,ECF
healthy/Non-diseased-muzzle-16-with-tongue_jpg.rf.0e56cc2458404455e919b5b84af26a1f.jpg,1,0,0,0,0,1,ECF
healthy/imgs120.jpg,1,0,0,0,0,1,ECF
healthy/sapi_c_5.jpg,1,0,0,0,0,1,ECF
healthy/Non-diseased-muzzle-46-with-tongue_jpg.rf.4731816bb6bc16a426b522dbb5f08897.jpg,1,0,0,0,0,1,ECF
healthy/imgs275.jpg,1,0,0,0,0,1,ECF
healthy/Normal_Skin_337_png.rf.0875f74476df52a2eed94c685e766c19.jpg,1,0,0,0,0,1,ECF
healthy/RedDanecattle65.jpg,1,0,0,0,0,1,ECF
healthy/sapi_t_1.jpg,1,0,0,0,0,1,ECF
healthy/imgs329.jpg,1,0,0,0,0,1,ECF
healthy/imgs321.jpg,1,0,0,0,0,1,ECF
healthy/Jerseycattle43.jpg,1,0,0,0,0,1,ECF
healthy/imgs249.jpg,1,0,0,0,0,1,ECF
healthy/Ayrshirecattle33_c.jpg,1,0,0,0,0,1,ECF
healthy/Jerseycattle115.jpg,1,0,0,0,0,1,ECF
healthy/imgs176.jpg,1,0,0,0,0,1,ECF
healthy/BrownSwisscattle33.jpg,1,0,0,0,0,1,ECF
healthy/BrownSwisscattle136.jpg,1,0,0,0,0,1,ECF
healthy/RedDanecattle80.jpg,1,0,0,0,0,1,ECF
healthy/Jerseycattle128.jpg,1,0,0,0,0,1,ECF
healthy/Normal_Skin_588-resized.jpg,1,0,0,0,0,1,ECF
healthy/Normal_Skin_260_png.rf.3499c62414453c3232816e614d596d03.jpg,1,0,0,0,0,1,ECF
healthy/imgs323.jpg,1,0,0,0,0,1,ECF
healthy/Ayrshirecattle121.jpg,1,0,0,0,0,1,ECF
healthy/imgs437.jpg,1,0,0,0,0,1,ECF
healthy/imgs270(1).jpg,1,0,0,0,0,1,ECF
healthy/Non-diseased-muzzle-25-with-tongue_jpg.rf.c73edbac452f276aeea979bae481f32d.jpg,1,0,0,0,0,1,ECF
healthy/Jerseycattle130.jpg,1,0,0,0,0,1,ECF
healthy/Ayrshirecattle20.jpg,1,0,0,0,0,1,ECF
healthy/imgs330.jpg,1,0,0,0,0,1,ECF
healthy/Jerseycattle118.jpg,1,0,0,0,0,1,ECF
healthy/imgs065.jpg,1,0,0,0,0,1,ECF
healthy/imgs256.jpg,1,0,0,0,0,1,ECF
healthy/BB19012024102736_front_png_jpg.rf.8174db804f6a05ff9bdf43134c76770f.jpg,1,0,0,0,0,1,ECF
healthy/Non-diseased-muzzle-14-with-tongue_jpg.rf.742bb4dfe8474fa22bcac1b8991d4e81.jpg,1,0,0,0,0,1,ECF
healthy/healthymouth_4_jpg.rf.4f106957f50abb8f71fec408b83f131f.jpg,1,0,0,0,0,1,ECF
healthy/imgs409.jpg,1,0,0,0,0,1,ECF
healthy/Jerseycattle96.jpg,1,0,0,0,0,1,ECF
healthy/Non-diseased-muzzle-6_jpg.rf.ebb692f99782867fac339a4ac71394b8.jpg,1,0,0,0,0,1,ECF
healthy/RedDanecattle51.jpg,1,0,0,0,0,1,ECF
healthy/imgs450.jpg,1,0,0,0,0,1,ECF
healthy/Ayrshirecattle27_c.jpg,1,0,0,0,0,1,ECF
healthy/HolsteinFriesiancattle128.jpg,1,0,0,0,0,1,ECF
healthy/imgs285.jpg,1,0,0,0,0,1,ECF
healthy/imgs512.jpg,1,0,0,0,0,1,ECF
healthy/Ayrshirecattle59.jpg,1,0,0,0,0,1,ECF
healthy/imgs061.jpg,1,0,0,0,0,1,ECF
healthy/HolsteinFriesiancattle87.jpg,1,0,0,0,0,1,ECF
healthy/imgs400.jpg,1,0,0,0,0,1,ECF
healthy/BrownSwisscattle12.jpg,1,0,0,0,0,1,ECF
