image_path,fever,nodules,mouth_sores,nasal_discharge,cough,swollen_lymph,disease
lumpy/LS-27_JPG_jpg.rf.1fcbb72491ba51bc049fd8d346a10e14.jpg,1,1,0,0,1,0,LSD
lumpy/IMG-20220903-WA0026_jpg.rf.13d8c27f7384e69a28d0e2a32b87a225.jpg,1,1,0,0,1,0,LSD
lumpy/img1283.jpg,1,1,0,0,1,0,LSD
lumpy/LS-29_JPG_jpg.rf.cc5276932a4b38d871d1738855f1f932.jpg,1,1,0,0,1,0,LSD
lumpy/25_jpg.rf.809fef90f111fac089ddb901f6da5743.jpg,1,1,0,0,1,0,LSD
lumpy/IMG-20220830-WA0192_jpg.rf.d48b9cbac2133e56ed10129103f36799.jpg,1,1,0,0,1,0,LSD
lumpy/images_jpg.rf.ad6bb3efe1450498debd67bc4d0f8011.jpg,1,1,0,0,1,0,LSD
lumpy/LSD-test_jpg.rf.9752f101a79fb9bb54a798dc20388c7a.jpg,1,1,0,0,1,0,LSD
lumpy/IMG-20220901-WA0055_jpg.rf.56f0bc9184cea8635af4467b3011335d.jpg,1,1,0,0,1,0,LSD
lumpy/vlcsnap-2022-09-13-14h36m35s495_png_jpg.rf.54280d5febdd6adc74b0f64fe66c0131.jpg,1,1,0,0,1,0,LSD
lumpy/IMG_20220830_081329_jpg.rf.e78ed768726a2aa8b42043b661a0e1fb.jpg,1,1,0,0,1,0,LSD
lumpy/IMG_20220830_105903_jpg.rf.a240b524de9b891c8d0c9b5747b4ffb5.jpg,1,1,0,0,1,0,LSD
lumpy/IMG_20220906_174657_jpg.rf.b457df5bb8e6ac2bbc28f28efd5424c4.jpg,1,1,0,0,1,0,LSD
lumpy/21_jpg.rf.85a670cd532d565ad27f9bdd383f9aa8.jpg,1,1,0,0,1,0,LSD
lumpy/IMG-20220903-WA0026_jpg.rf.b528ea117ba575c08069cc5e9b395d65.jpg,1,1,0,0,1,0,LSD
lumpy/img1248.jpg,1,1,0,0,1,0,LSD
lumpy/img1999_jpg.rf.e6ffd4423cd9a6330f56e2ad9d87f922.jpg,1,1,0,0,1,0,LSD
lumpy/IMG-20220830-WA0141_jpg.rf.8e54b1c33975fd7946b5b3d48956714d.jpg,1,1,0,0,1,0,LSD
lumpy/IMG-20220830-WA0154_jpg.rf.64bd35cf95a4cd6c2f4a7419c35b5264.jpg,1,1,0,0,1,0,LSD
lumpy/img1225.jpg,1,1,0,0,1,0,LSD
lumpy/img1254.jpg,1,1,0,0,1,0,LSD
lumpy/IMG-20220830-WA0197_jpg.rf.42e245cdd43d55f02a3684c1f109f1a3.jpg,1,1,0,0,1,0,LSD
lumpy/img2350_jpg.rf.c703b6f7ba80c13807b0032e3082837a.jpg,1,1,0,0,1,0,LSD
lumpy/15_jpg.rf.68d07c66e276b17668641e7746fe3d39.jpg,1,1,0,0,1,0,LSD
lumpy/img1756_jpg.rf.c805cfd4fda598a7f754d84f9f84843a.jpg,1,1,0,0,1,0,LSD
lumpy/img1260.jpg,1,1,0,0,1,0,LSD
lumpy/img1940_jpg.rf.d3bcf80fc6c254af645f82eb555ce24a.jpg,1,1,0,0,1,0,LSD
lumpy/IMG-20220830-WA0239_jpg.rf.ddb82706f04c81de0cc40fcd6b338409.jpg,1,1,0,0,1,0,LSD
lumpy/img1029.jpg,1,1,0,0,1,0,LSD
lumpy/IMG_20220830_081529_jpg.rf.de88277428f667c250c0044986026055.jpg,1,1,0,0,1,0,LSD
lumpy/WhatsApp-Image-2022-10-07-at-3-42-30-PM_jpeg_jpg.rf.116734adfe6228680b53fd017cde6431 - Copy.jpg,1,1,0,0,1,0,LSD
lumpy/Lumpy_Skin_42_png.rf.e40b8d7f874dd403f2313cfe10a828bb.jpg,1,1,0,0,1,0,LSD
lumpy/Lumpy_Skin_49-resized.jpg,1,1,0,0,1,0,LSD
lumpy/IMG-20220901-WA0037_jpg.rf.d4783288772e2240fe6be4100d6ea397.jpg,1,1,0,0,1,0,LSD
lumpy/8_jpg.rf.2af5f57cfa748814f1692c3df49f15a7.jpg,1,1,0,0,1,0,LSD
lumpy/Lumpy_Skin_66_png.rf.eb1ec664b2e010127d9fbe12c8bbec1d.jpg,1,1,0,0,1,0,LSD
lumpy/IMG-20220830-WA0255_jpg.rf.fae49f7f0a89c5b341a10bfbc2ee504e.jpg,1,1,0,0,1,0,LSD
lumpy/FB_IMG_1662698182041_jpg.rf.a276f3588cca3efe4a1015c5d985b5d4.jpg,1,1,0,0,1,0,LSD
lumpy/93_jpg.rf.6a5cb8fed6a08891e8d260211e67c719.jpg,1,1,0,0,1,0,LSD
lumpy/IMG_20220830_120508_jpg.rf.aca469560e3c3dae4a34e2c068339877.jpg,1,1,0,0,1,0,LSD
lumpy/LS-9_jpg.rf.7babc57f77f39e487bb3614182369734.jpg,1,1,0,0,1,0,LSD
lumpy/img1939_jpg.rf.420b3cbb8327229fa922621cf9ba569d.jpg,1,1,0,0,1,0,LSD
lumpy/img1243.jpg,1,1,0,0,1,0,LSD
lumpy/IMG_20220906_172625_jpg.rf.2b12cef04d6b2abb57da162489ce1432.jpg,1,1,0,0,1,0,LSD
lumpy/img1102.jpg,1,1,0,0,1,0,LSD
lumpy/IMG-20220830-WA0048_jpg.rf.a5b198a818fdb953affc6574c2baf649.jpg,1,1,0,0,1,0,LSD
lumpy/img1890_jpg.rf.609e5051f2a9aa9b9655599eb31a7673.jpg,1,1,0,0,1,0,LSD
lumpy/Lumpy_Skin_7_png.rf.5e9efba9e1fd173b3a8b12650bafb754.jpg,1,1,0,0,1,0,LSD
lumpy/IMG-20220830-WA0234_jpg.rf.b2a0e34adb49cf25cf85554645183af9.jpg,1,1,0,0,1,0,LSD
lumpy/img1284.jpg,1,1,0,0,1,0,LSD
lumpy/29_jpg.rf.852c67d18199dae24a39209a743bac9c.jpg,1,1,0,0,1,0,LSD
lumpy/IMG-20220830-WA0087_jpg.rf.52646fb12281029966c676ca4308ceb2.jpg,1,1,0,0,1,0,LSD
lumpy/IMG-20220830-WA0065_jpg.rf.0be2838d019b1f7515454ddcc078c42b.jpg,1,1,0,0,1,0,LSD
lumpy/IMG-20220830-WA0168_jpg.rf.782500b9f23cde3de116ef4d1762b55c.jpg,1,1,0,0,1,0,LSD
lumpy/img1667_jpg.rf.b580a066e59f1f7868647480be9e4a7a.jpg,1,1,0,0,1,0,LSD
lumpy/20_jpg_jpeg_jpg.rf.7ddc4437e55b4c418276f75491968d80.jpg,1,1,0,0,1,0,LSD
lumpy/img1751_jpg.rf.067c391c28c4eb49427df2d72919df7d.jpg,1,1,0,0,1,0,LSD
lumpy/Lumpy_Skin-resized.jpg,1,1,0,0,1,0,LSD
lumpy/LS-31_JPG_jpg.rf.7ad4cb649b78839d638946bb49a823e9.jpg,1,1,0,0,1,0,LSD
lumpy/86_jpg.rf.0ecc945cdd3a9fd89bd51c49dfdea92d.jpg,1,1,0,0,1,0,LSD
lumpy/img1401.jpg,1,1,0,0,1,0,LSD
lumpy/IMG-20220831-WA0017_jpg.rf.c154fcc4984dfeb6e6baa8db0140b30a.jpg,1,1,0,0,1,0,LSD
lumpy/IMG_20220830_110005_jpg.rf.149c87d28fe9c69f2ff992be702f01fa.jpg,1,1,0,0,1,0,LSD
lumpy/LSD-144-_png_jpg.rf.2249acaca35b4d56f469ccfacdb562eb.jpg,1,1,0,0,1,0,LSD
lumpy/img2324_jpg.rf.e344c6b10eee06772233a8ffc773f9f6.jpg,1,1,0,0,1,0,LSD
lumpy/img1016.jpg,1,1,0,0,1,0,LSD
lumpy/27_jpg.rf.29646892c78164b616d9931bfffbb55a.jpg,1,1,0,0,1,0,LSD
lumpy/IMG_20220829_124417_jpg.rf.7a6aa562677956a3d89513420f0d0877.jpg,1,1,0,0,1,0,LSD
lumpy/img1197.jpg,1,1,0,0,1,0,LSD
lumpy/img1293(1).jpg,1,1,0,0,1,0,LSD
lumpy/IMG-20220830-WA0164_jpg.rf.e60c0905c163792c6d3773766cd6f9e6.jpg,1,1,0,0,1,0,LSD
lumpy/LSD-82-_jpg.rf.bb6b02869e4cbb886601ee02fc8a6793.jpg,1,1,0,0,1,0,LSD
lumpy/81_jpg.rf.f1df622a1710921e8574ff9fb5557cc5.jpg,1,1,0,0,1,0,LSD
lumpy/Lumpy_Skin_107-resized.jpg,1,1,0,0,1,0,LSD
lumpy/IMG-20220830-WA0235_jpg.rf.297a8d4bc3487c6c6f437dc22d7e973f.jpg,1,1,0,0,1,0,LSD
lumpy/img1141.jpg,1,1,0,0,1,0,LSD
lumpy/img2286_jpg.rf.a798805b32458c0a557f2f40f1f4a361.jpg,1,1,0,0,1,0,LSD
lumpy/img1073.jpg,1,1,0,0,1,0,LSD
lumpy/LSD-44-_png_jpg.rf.99e3718b9de525d4b6efce054b2a510f.jpg,1,1,0,0,1,0,LSD
lumpy/img2055_jpg.rf.1769b07a82ce928ba426b8e9efe16b31.jpg,1,1,0,0,1,0,LSD
lumpy/IMG-20220901-WA0056_jpg.rf.4716d82a00b96451f414d9344596742e.jpg,1,1,0,0,1,0,LSD
lumpy/img1246.jpg,1,1,0,0,1,0,LSD
lumpy/IMG-20220830-WA0195_jpg.rf.d993eddaaa1ebf9e51c62395700d41de.jpg,1,1,0,0,1,0,LSD
lumpy/img2273_jpg.rf.a9cdb7db3f5bb3694b5e7c7a07cf14b7.jpg,1,1,0,0,1,0,LSD
lumpy/IMG-20220830-WA0188_jpg.rf.b4245f6f33404d93554cc681995862b6.jpg,1,1,0,0,1,0,LSD
lumpy/img1045.jpg,1,1,0,0,1,0,LSD
lumpy/img2335_jpg.rf.9c6cceb3bbc7e816f3d64ae87c735bea.jpg,1,1,0,0,1,0,LSD
lumpy/images-2-_jpg.rf.6d1d1d95793b3483c11e016e86364532.jpg,1,1,0,0,1,0,LSD
lumpy/img2051_jpg.rf.391e02c093374b569678e97d95dd5436.jpg,1,1,0,0,1,0,LSD
lumpy/img1116.jpg,1,1,0,0,1,0,LSD
lumpy/img1301.jpg,1,1,0,0,1,0,LSD
lumpy/Gallery_1661885931901_jpg.rf.3250fc3486600ec75a7056b0067f0e9b.jpg,1,1,0,0,1,0,LSD
lumpy/41_jpg.rf.883a1821d15cd7e99fa297b813408f3c.jpg,1,1,0,0,1,0,LSD
lumpy/img1919_jpg.rf.f94fe933c1fbe86f77ffa050a85a5fe0.jpg,1,1,0,0,1,0,LSD
lumpy/IMG_20220830_081329_jpg.rf.862d4e01725d171bcdc64d017667f064.jpg,1,1,0,0,1,0,LSD
lumpy/IMG_20220906_172314_jpg.rf.3fab770672dd8e53490ead774d6502cf.jpg,1,1,0,0,1,0,LSD
lumpy/img1124.jpg,1,1,0,0,1,0,LSD
lumpy/IMG-20220831-WA0012_jpg.rf.320d3277e51d58d53f1bedba39fe361a.jpg,1,1,0,0,1,0,LSD
lumpy/img2407_jpg.rf.3f0895c201b4947843e9bdea8c3929f4.jpg,1,1,0,0,1,0,LSD
lumpy/img1282.jpg,1,1,0,0,1,0,LSD
lumpy/LSD-141-_png_jpg.rf.cbef317d472ac2c1311b03556294a75e.jpg,1,1,0,0,1,0,LSD
lumpy/IMG-20220830-WA0189_jpg.rf.3ca9981e796d57854640ae85c8152891.jpg,1,1,0,0,1,0,LSD
lumpy/LSD-228-_png_jpg.rf.9d312accbc4525b3bfd977b9ac9b3b0f.jpg,1,1,0,0,1,0,LSD
lumpy/img1091.jpg,1,1,0,0,1,0,LSD
lumpy/img1862_jpg.rf.a5a15b122667263e5735c5cd78bdae7c.jpg,1,1,0,0,1,0,LSD
lumpy/vlcsnap-2022-09-13-14h39m24s229_png_jpg.rf.15c942691a8e516ba94394aaabd34112.jpg,1,1,0,0,1,0,LSD
lumpy/fears-of-lumpy-skin-di_jpg.rf.ae480bec3acf1f0e13d694f4129d536e.jpg,1,1,0,0,1,0,LSD
lumpy/1_jpg.rf.e476869ac32637579dd94f0a8a631144.jpg,1,1,0,0,1,0,LSD
lumpy/Screenshot_2022_0901_190634_png_jpg.rf.5f2af884302a256c0ea101111eeb7f59.jpg,1,1,0,0,1,0,LSD
lumpy/LSD-106-_png_jpg.rf.340b4a68b38f3a4ff7939f91220474d6.jpg,1,1,0,0,1,0,LSD
lumpy/img1007_jpg.rf.4b6668062c0dd2c12dfa8f32fb7457b5.jpg,1,1,0,0,1,0,LSD
lumpy/27_jpg_jpeg_jpg.rf.cae38b133e74dd74abc04417396388b8.jpg,1,1,0,0,1,0,LSD
lumpy/IMG-20220830-WA0164_jpg.rf.4c9cea365561afe61a4a8aa75243c66c.jpg,1,1,0,0,1,0,LSD
lumpy/img1164.jpg,1,1,0,0,1,0,LSD
lumpy/img1778_jpg.rf.71a4f47803e1e7003f358dfdf92aa2b6.jpg,1,1,0,0,1,0,LSD
lumpy/IMG-20220830-WA0191_jpg.rf.6f001775fb00fe26bdca58332a852c49.jpg,1,1,0,0,1,0,LSD
lumpy/LSD-146-_png_jpg.rf.b3e02f5f6e912a5937b7ef6bea20b349.jpg,1,1,0,0,1,0,LSD
lumpy/IMG-20220830-WA0107_jpg.rf.10c730d8ec59a17f8bcffe7cf2503583.jpg,1,1,0,0,1,0,LSD
lumpy/images-2-_jpg.rf.cfbbe1557046fb99ae88ad6a202a5d7f.jpg,1,1,0,0,1,0,LSD
lumpy/85_jpg.rf.01755c818582f0d60b40cf280f2148ad.jpg,1,1,0,0,1,0,LSD
lumpy/LS-31_JPG_jpg.rf.0cec88837d507b391862d7dfbbeac233.jpg,1,1,0,0,1,0,LSD
lumpy/img2010_jpg.rf.6b2b658ac4b18b030a8fd83ebd7efeb7.jpg,1,1,0,0,1,0,LSD
lumpy/img1467_jpg.rf.0b7e5b6d9f897f389ee3fb369aff9b9c.jpg,1,1,0,0,1,0,LSD
lumpy/IMG-20220830-WA0189_jpg.rf.f4b1f36e76c617dda60bd7cb083a71c2.jpg,1,1,0,0,1,0,LSD
lumpy/Lumpy_Skin_99-resized.jpg,1,1,0,0,1,0,LSD
lumpy/img1310.jpg,1,1,0,0,1,0,LSD
lumpy/img1888_jpg.rf.dca9763ff31c1fd516570b0f542f0aad.jpg,1,1,0,0,1,0,LSD
lumpy/24_jpg_jpeg_jpg.rf.12e835d6b3a5e657041212cbce904fa9.jpg,1,1,0,0,1,0,LSD
lumpy/LS-7_jpg.rf.b7b9cb2e20fc51d039be143e0983e5f1.jpg,1,1,0,0,1,0,LSD
lumpy/LSD-89-_jpg.rf.d0aad20ea21843af108922ec2cbbd741.jpg,1,1,0,0,1,0,LSD
lumpy/LSD-154-_png_jpg.rf.06e91508dea6bfd57f3ccb7ef89bca5f.jpg,1,1,0,0,1,0,LSD
lumpy/26_jpg.rf.bd1f48c6e87f7ca426f093728cccf96d.jpg,1,1,0,0,1,0,LSD
lumpy/IMG-20220830-WA0110_jpg.rf.948c92a69156958d4c3a1e897e3a675e.jpg,1,1,0,0,1,0,LSD
lumpy/IMG-20220830-WA0192_jpg.rf.72089c515eb2d3a85fc8ccfe2e8abce2.jpg,1,1,0,0,1,0,LSD
lumpy/img2183_jpg.rf.70f76d237af766b7a6b0c6f9075ac5b5.jpg,1,1,0,0,1,0,LSD
lumpy/LSD-16-_png_jpg.rf.594b92eaf14398adacb35f22f88609e6.jpg,1,1,0,0,1,0,LSD
lumpy/img2346_jpg.rf.4d7c957b115298ab3adde7e51cd17ed9.jpg,1,1,0,0,1,0,LSD
lumpy/IMG-20220907-WA0001_jpg.rf.06b6c9ab55d3adff5352851f08b3264b.jpg,1,1,0,0,1,0,LSD
lumpy/IMG-20220830-WA0190_jpg.rf.877467785ed9cf376f44ea59127229c1.jpg,1,1,0,0,1,0,LSD
lumpy/IMG_20220830_081402_jpg.rf.8ae460a6b5208b30bc6e00726fb64446.jpg,1,1,0,0,1,0,LSD
lumpy/IMG-20220830-WA0240_jpg.rf.7ab11b876f291435928ab1e5361dcf53.jpg,1,1,0,0,1,0,LSD
lumpy/img1242.jpg,1,1,0,0,1,0,LSD
lumpy/Lumpy_Skin_160_png.rf.6b92af3d17b044270b37d331256f3b6b.jpg,1,1,0,0,1,0,LSD
lumpy/img1328.jpg,1,1,0,0,1,0,LSD
lumpy/img1685_jpg.rf.d2e112d8db76c0bb64de58144ceb2f20.jpg,1,1,0,0,1,0,LSD
lumpy/img1334.jpg,1,1,0,0,1,0,LSD
lumpy/IMG-20220830-WA0065_jpg.rf.2d72cd0ea554569e732ef9aff65edc88.jpg,1,1,0,0,1,0,LSD
lumpy/img1846_jpg.rf.846d5e11c206b7055fc49421f6dea8b2.jpg,1,1,0,0,1,0,LSD
lumpy/IMG-20220830-WA0187_jpg.rf.81a301531495cb7f508ef633af5c2c70.jpg,1,1,0,0,1,0,LSD
lumpy/IMG-20220830-WA0065_jpg.rf.e33bca929c763a2131874b800f18476d.jpg,1,1,0,0,1,0,LSD
lumpy/LSD-157-_png_jpg.rf.65fa3a507be7e9f65a6e7eb68a0ba8c5.jpg,1,1,0,0,1,0,LSD
lumpy/img1024.jpg,1,1,0,0,1,0,LSD
lumpy/IMG_20220830_075854_jpg.rf.34007dd888b4884a0738b790b5fee9de.jpg,1,1,0,0,1,0,LSD
lumpy/img1196.jpg,1,1,0,0,1,0,LSD
lumpy/img1344.jpg,1,1,0,0,1,0,LSD
lumpy/IMG_20220830_110005_jpg.rf.6614165c19307865766ee9b3d39a9cfa.jpg,1,1,0,0,1,0,LSD
lumpy/img1184.jpg,1,1,0,0,1,0,LSD
lumpy/IMG-20220902-WA0042_jpg.rf.3fee9b5f2a0ca3f1317d61a5c6e11d52.jpg,1,1,0,0,1,0,LSD
lumpy/LS-3_jpg.rf.028d224cf01bbb54b0bb0b885e05722d.jpg,1,1,0,0,1,0,LSD
lumpy/vlcsnap-2022-09-13-14h30m25s821_png_jpg.rf.3599e0a45e87bf1e6450424001126d4f.jpg,1,1,0,0,1,0,LSD
lumpy/img2030_jpg.rf.0448ea72880294a4587e32792a5558ab.jpg,1,1,0,0,1,0,LSD
lumpy/img1383.jpg,1,1,0,0,1,0,LSD
lumpy/img2433_jpg.rf.6f4675d91c518acd7c0bab86b2d3e04f.jpg,1,1,0,0,1,0,LSD
lumpy/vlcsnap-2022-09-13-14h24m09s331_png_jpg.rf.c321ca7a5f278cf458cdc1dc7fb0c97d.jpg,1,1,0,0,1,0,LSD
lumpy/img1079.jpg,1,1,0,0,1,0,LSD
lumpy/LS-4_jpg.rf.793767c7a09b121b1d375ba3824b45b2.jpg,1,1,0,0,1,0,LSD
lumpy/IMG_20220830_075647_jpg.rf.d350519e9710b8153c306449b3e4ea98.jpg,1,1,0,0,1,0,LSD
lumpy/IMG-20220830-WA0126_jpg.rf.a9676fd5dbb54df949a2bce9549e5b3c.jpg,1,1,0,0,1,0,LSD
lumpy/vlcsnap-2022-09-13-14h23m33s221_png_jpg.rf.068f9c305e1c18e7a22eef99b9a10b11.jpg,1,1,0,0,1,0,LSD
lumpy/IMG_20220906_174431_jpg.rf.2b3e2905d93f7829c42b18c2135db0b5.jpg,1,1,0,0,1,0,LSD
lumpy/img1030.jpg,1,1,0,0,1,0,LSD
lumpy/LSD-178-_png_jpg.rf.57f7674f88dee7c5a55bb2daa74dc444.jpg,1,1,0,0,1,0,LSD
lumpy/img1326_jpg.rf.d352beeaaeb791bad184f474dd599fa7.jpg,1,1,0,0,1,0,LSD
lumpy/Lumpy_Skin_5_png.rf.d9803a768a55de1ce62105e38c88d81d.jpg,1,1,0,0,1,0,LSD
lumpy/img1227.jpg,1,1,0,0,1,0,LSD
lumpy/IMG-20220830-WA0207_jpg.rf.5d1ccb72a2cea100d960f5a0ba9bb145.jpg,1,1,0,0,1,0,LSD
lumpy/Lumpy_Skin_200_png.rf.39ff89fe09c476f7915fd98568076e7b.jpg,1,1,0,0,1,0,LSD
lumpy/IMG_20220829_124417_jpg.rf.0a3e02972f58397688545e68bf03ee47.jpg,1,1,0,0,1,0,LSD
lumpy/Lumpy_Skin_52_png.rf.1770ccd401062c3cd838abcda3e46487.jpg,1,1,0,0,1,0,LSD
lumpy/LSD-189-_png_jpg.rf.d75aaf23c5e306ccc2ad870e55df645a.jpg,1,1,0,0,1,0,LSD
lumpy/Lumpy_Skin_32_png.rf.ffee177f0a2fc6287c8ccd9376fee72c.jpg,1,1,0,0,1,0,LSD
lumpy/img1290(1).jpg,1,1,0,0,1,0,LSD
lumpy/img1564_jpg.rf.d9864efd9c90316203317626d456e9c7.jpg,1,1,0,0,1,0,LSD
lumpy/img2094_jpg.rf.0dee75d8a69960a66826238f6a4f4fcc.jpg,1,1,0,0,1,0,LSD
lumpy/IMG_20220830_105002_jpg.rf.75b2b968b6d2ed548be25cae036fc293.jpg,1,1,0,0,1,0,LSD
lumpy/IMG-20220830-WA0049_jpg.rf.b7b6b51d30e7c66191edf52f9e1e6172.jpg,1,1,0,0,1,0,LSD
lumpy/img1229.jpg,1,1,0,0,1,0,LSD
lumpy/img1765_jpg.rf.cc1ba4878a6b23209215ea91be628309.jpg,1,1,0,0,1,0,LSD
lumpy/IMG-20220830-WA0132_jpg.rf.a563eb45ac0dc0711d5baa6a8df482ad.jpg,1,1,0,0,1,0,LSD
lumpy/img1032.jpg,1,1,0,0,1,0,LSD
lumpy/IMG_20220830_080456_jpg.rf.b7a944b810489d2b2630cd18ff8e7555.jpg,1,1,0,0,1,0,LSD
lumpy/IMG-20220902-WA0043_jpg.rf.8828812dfffb4b5cff448c2bf30e7072 - Copy - Copy - Copy - Copy (2).jpg,1,1,0,0,1,0,LSD
lumpy/IMG-20220830-WA0200_jpg.rf.dc51fa35c90d25db5bee77aad4673370.jpg,1,1,0,0,1,0,LSD
lumpy/IMG-20220830-WA0084_jpg.rf.682e573de1c304b3e6c48976cb682f54.jpg,1,1,0,0,1,0,LSD
lumpy/Gallery_1661886056242_jpg.rf.7517b791c3c4eb9cbd96deb45034cd58.jpg,1,1,0,0,1,0,LSD
lumpy/IMG_20220830_110005_jpg.rf.e2c346c25a6fe0802721d99ab8b41e73.jpg,1,1,0,0,1,0,LSD
lumpy/img1182.jpg,1,1,0,0,1,0,LSD
lumpy/img1825_jpg.rf.d79adce4a5dff810883836e348e28a65.jpg,1,1,0,0,1,0,LSD
lumpy/vlcsnap-2022-09-13-14h23m04s863_png_jpg.rf.89a3ca8c04cf03cfd1c145b8bb27495a.jpg,1,1,0,0,1,0,LSD
lumpy/LSD-38-_png_jpg.rf.941ea7941486495955db39b68888ece4.jpg,1,1,0,0,1,0,LSD
lumpy/Screenshot_2022_0901_184214_png_jpg.rf.ad0fa397ba58b65bacfb51f7216501ba.jpg,1,1,0,0,1,0,LSD
lumpy/img2029_jpg.rf.97d8e0695f201a6c9ec8c4da72199a15.jpg,1,1,0,0,1,0,LSD
lumpy/img1616_jpg.rf.56df211120fb1dd158b5c394430806c6.jpg,1,1,0,0,1,0,LSD
lumpy/Lumpy_Skin_5_png.rf.66a15a29a67915af6dc0013fb9d035ce.jpg,1,1,0,0,1,0,LSD
lumpy/Lumpy_Skin_168-resized.jpg,1,1,0,0,1,0,LSD
lumpy/LSD-109-_png_jpg.rf.e1d71252cf9f6840654deb805aec2261.jpg,1,1,0,0,1,0,LSD
lumpy/img1210.jpg,1,1,0,0,1,0,LSD
lumpy/Lumpy_Skin_173_png.rf.d07a72e6b3c8f3e1e298d986ddb22009.jpg,1,1,0,0,1,0,LSD
lumpy/img1975_jpg.rf.c72cd72a0316067dc785bd436d427bf1.jpg,1,1,0,0,1,0,LSD
lumpy/IMG_20220830_120145_jpg.rf.2a362f20ae645f611623a2e314a8c861.jpg,1,1,0,0,1,0,LSD
lumpy/LSD-84-_png_jpg.rf.611d00ec3431fb1bc473e1127b483f14.jpg,1,1,0,0,1,0,LSD
lumpy/IMG-20220830-WA0192_jpg.rf.6945ea6bb56d08901d4cffc694d3fe61.jpg,1,1,0,0,1,0,LSD
lumpy/IMG-20220830-WA0151_jpg.rf.7f1d48639f6b053dc3e6450c142a9694.jpg,1,1,0,0,1,0,LSD
lumpy/img1130.jpg,1,1,0,0,1,0,LSD
lumpy/IMG_20220907_184051_jpg.rf.290759e54764206d171cd3a0dc22fbb0.jpg,1,1,0,0,1,0,LSD
lumpy/LS-9_jpg.rf.4d6cac21eba77b1036d8fcf21ce87db2.jpg,1,1,0,0,1,0,LSD
lumpy/img1398.jpg,1,1,0,0,1,0,LSD
lumpy/IMG-20220830-WA0195_jpg.rf.d72777ffa737de3d50f736d8f8b42d35.jpg,1,1,0,0,1,0,LSD
lumpy/img1207.jpg,1,1,0,0,1,0,LSD
lumpy/IMG-20220830-WA0079_jpg.rf.80ba57d202c4dcc90f9bff0840d6cdfa.jpg,1,1,0,0,1,0,LSD
lumpy/img1264.jpg,1,1,0,0,1,0,LSD
lumpy/LSD-89-_jpg.rf.160cf55b5bc9dfce090bca58e2d067aa.jpg,1,1,0,0,1,0,LSD
lumpy/IMG_20220830_105903_jpg.rf.09aca6068e731d99d81e428ac82832c4.jpg,1,1,0,0,1,0,LSD
lumpy/Lumpy_Skin_252_png.rf.109de9b2b5a0826b1c15bb0d5f9f176b.jpg,1,1,0,0,1,0,LSD
lumpy/IMG-20220903-WA0024_jpg.rf.7d9e3216c1cb55e7fc6c4b1b07618d7b.jpg,1,1,0,0,1,0,LSD
lumpy/img2025_jpg.rf.3b820e8bd3ffab28f48cb820a4b34fcd.jpg,1,1,0,0,1,0,LSD
lumpy/IMG-20220906-WA0002_jpg.rf.634d233facb4b98f44bd9efdd29eed0a.jpg,1,1,0,0,1,0,LSD
lumpy/LSD-264-_png_jpg.rf.feb8a0dd9e1a53995dbcba6a9cd4f350.jpg,1,1,0,0,1,0,LSD
lumpy/img1688_jpg.rf.f9152bfcf389d08f1bbbf1076af3e629.jpg,1,1,0,0,1,0,LSD
lumpy/IMG-20220830-WA0187_jpg.rf.74b5a27b1d262f14bf882656feb19b69.jpg,1,1,0,0,1,0,LSD
lumpy/img1174.jpg,1,1,0,0,1,0,LSD
lumpy/IMG_20220830_113832_jpg.rf.b450c6ba707a1e228e3f6a37797da106.jpg,1,1,0,0,1,0,LSD
lumpy/IMG-20220830-WA0187_jpg.rf.1fa4335c08d60c6cf2cd0bc9176b6dd4.jpg,1,1,0,0,1,0,LSD
lumpy/img2054_jpg.rf.acdd93ed184353aafdf658cb18117328.jpg,1,1,0,0,1,0,LSD
lumpy/IMG-20220830-WA0107_jpg.rf.afd126d331610cfa45f0470e362f44e9.jpg,1,1,0,0,1,0,LSD
lumpy/4_jpg.rf.b310c8373cc6da412b946f969c291589.jpg,1,1,0,0,1,0,LSD
lumpy/img1033.jpg,1,1,0,0,1,0,LSD
lumpy/IMG_20220906_172801_jpg.rf.83658dbaf5016e5c79dfb4120f7bac2d.jpg,1,1,0,0,1,0,LSD
lumpy/IMG_20220906_174444_jpg.rf.37da75769c06a5207a9cee82381a8f06.jpg,1,1,0,0,1,0,LSD
lumpy/Lumpy_Skin_26_png.rf.fd915e5a19f7ba14022f0899bccd7b3b.jpg,1,1,0,0,1,0,LSD
lumpy/27_jpg.rf.6395dd7993e5b81ad8c4b37830c4ba02.jpg,1,1,0,0,1,0,LSD
lumpy/img1951_jpg.rf.ff5905a44b649379e52efaa4c997293b.jpg,1,1,0,0,1,0,LSD
lumpy/IMG-20220830-WA0151_jpg.rf.88e06ef4cf6c878afe71af79630b4a75.jpg,1,1,0,0,1,0,LSD
lumpy/IMG_20220829_130241_jpg.rf.48f79c9d7334c4ba79a9369ee9807b09.jpg,1,1,0,0,1,0,LSD
lumpy/1_jpg.rf.91676f54ce11d2a2c0c622e069aa54fa.jpg,1,1,0,0,1,0,LSD
lumpy/img1790_jpg.rf.fcdc825c250fdd11d68f05239e57aee0.jpg,1,1,0,0,1,0,LSD
lumpy/LSD-117-_png_jpg.rf.b120ae7a2ca4cc7522e5b4f921142f66.jpg,1,1,0,0,1,0,LSD
lumpy/LS-26_JPG_jpg.rf.909b03d5da297724cbf8444d6c3bda04.jpg,1,1,0,0,1,0,LSD
lumpy/7e69119a-1894-4fa7-aec8-07feb70fd71b-f_jpg.rf.782e6f87ab5af90f9f71d8de170c937f.jpg,1,1,0,0,1,0,LSD
lumpy/LS-12_jpg.rf.769e7354c3768b78b8e36fd3fbe7e49d.jpg,1,1,0,0,1,0,LSD
lumpy/img1829_jpg.rf.4030dfa246d39ff4f698ee174bc4c2ab.jpg,1,1,0,0,1,0,LSD
lumpy/img1202.jpg,1,1,0,0,1,0,LSD
lumpy/img1241.jpg,1,1,0,0,1,0,LSD
lumpy/LSD-195-_png_jpg.rf.52c1a44847ea00f774cc7128ed5a5c14.jpg,1,1,0,0,1,0,LSD
lumpy/IMG-20220830-WA0189_jpg.rf.72213f604547d194560d7a49ee609368.jpg,1,1,0,0,1,0,LSD
lumpy/IMG_20220906_172416_jpg.rf.699c16b6e03c7d7e0959950450cb1724.jpg,1,1,0,0,1,0,LSD
lumpy/img1072.jpg,1,1,0,0,1,0,LSD
lumpy/img1946_jpg.rf.6c04e9503009da77562f414f5d84d6b5.jpg,1,1,0,0,1,0,LSD
lumpy/55_jpg.rf.e8da74b4c6a78923bdcdb1b35c623572.jpg,1,1,0,0,1,0,LSD
lumpy/vlcsnap-2022-09-13-14h23m04s863_png_jpg.rf.6fa6f8d547d02642d9c0834c52685c4d.jpg,1,1,0,0,1,0,LSD
lumpy/IMG-20220830-WA0153_jpg.rf.92c2edc627423bf27c7246656711482e.jpg,1,1,0,0,1,0,LSD
lumpy/LSD-188-_png_jpg.rf.09c89ca9fda2cf51f661e0dbd1f04d86.jpg,1,1,0,0,1,0,LSD
lumpy/LSD-185-_png_jpg.rf.e91c8c3dc3fb9b9c75d4dc7ae82cc452.jpg,1,1,0,0,1,0,LSD
lumpy/IMG-20220830-WA0190_jpg.rf.3387bcc8700488d3151fedd3ea65d39b.jpg,1,1,0,0,1,0,LSD
lumpy/IMG-20220830-WA0082_jpg.rf.14334caa41c287084c1119d7181326b1.jpg,1,1,0,0,1,0,LSD
lumpy/img1569_jpg.rf.201fdde39dfcc8e0439d040e29445653.jpg,1,1,0,0,1,0,LSD
lumpy/img2192_jpg.rf.33d3a690db41a2ef2594ed98c239cfdd.jpg,1,1,0,0,1,0,LSD
lumpy/img1899_jpg.rf.2ee21cb92d3aafde33ce74648be51e11.jpg,1,1,0,0,1,0,LSD
lumpy/img1022.jpg,1,1,0,0,1,0,LSD
lumpy/IMG-20220830-WA0187_jpg.rf.87d8edca3de80b3227aec2db2bea061a.jpg,1,1,0,0,1,0,LSD
lumpy/Lumpy_Skin_263_png.rf.599ef824e25c2d6ec5406681ae08c469.jpg,1,1,0,0,1,0,LSD
lumpy/img1220.jpg,1,1,0,0,1,0,LSD
lumpy/IMG-20220830-WA0205_jpg.rf.a919c74d5f8718df9d44a23b60c385b2.jpg,1,1,0,0,1,0,LSD
lumpy/IMG-20220830-WA0107_jpg.rf.d944898bfc281d80a0a0f38fd8108b01.jpg,1,1,0,0,1,0,LSD
lumpy/img2387_jpg.rf.324f538549e9677d078ee78ad187156d.jpg,1,1,0,0,1,0,LSD
lumpy/IMG-20220830-WA0194_jpg.rf.de720943c6a00b35677c8f42850cfa52.jpg,1,1,0,0,1,0,LSD
lumpy/30_jpg.rf.cc99164ab7bd0434a4d662c0a170a64a.jpg,1,1,0,0,1,0,LSD
lumpy/10_jpg.rf.e3ffb69d621d07c9d144b189c5e2323b.jpg,1,1,0,0,1,0,LSD
lumpy/img2036_jpg.rf.004a7664ee9cdfb4b1af937e9b45994e.jpg,1,1,0,0,1,0,LSD
lumpy/img1997_jpg.rf.669f20cb57d85a4224a17fb8d7d6f0a9.jpg,1,1,0,0,1,0,LSD
lumpy/img1560_jpg.rf.eeeb6821109707bf55f13c2d73ca369a.jpg,1,1,0,0,1,0,LSD
lumpy/img1352.jpg,1,1,0,0,1,0,LSD
lumpy/IMG-20220830-WA0084_jpg.rf.7d20d763ccadff9e5e2a6cd0ddb13228.jpg,1,1,0,0,1,0,LSD
lumpy/FB_IMG_1662698179703_jpg.rf.6c032fd8fc78d387f789c7b6cba31435.jpg,1,1,0,0,1,0,LSD
lumpy/IMG_20220830_075746_jpg.rf.5b88fa5cf5a028983b15cbface128727.jpg,1,1,0,0,1,0,LSD
lumpy/img1218.jpg,1,1,0,0,1,0,LSD
lumpy/IMG-20220830-WA0192_jpg.rf.35fce0eee217d48a074aee7fa0a870f4.jpg,1,1,0,0,1,0,LSD
lumpy/IMG-20220830-WA0068_jpg.rf.30c1843b7835764bb880638fbb0fc642.jpg,1,1,0,0,1,0,LSD
lumpy/img2325_jpg.rf.56301cba554d1ee3b554e6db1a4c8ef1.jpg,1,1,0,0,1,0,LSD
lumpy/IMG-20220830-WA0179_jpg.rf.9b5e56ea8012b6d708be9ade1037567f.jpg,1,1,0,0,1,0,LSD
lumpy/Lumpy_Skin_283_png.rf.01ed125fe3609a6053a44697d50ba47a.jpg,1,1,0,0,1,0,LSD
lumpy/img1066.jpg,1,1,0,0,1,0,LSD
lumpy/img1069.jpg,1,1,0,0,1,0,LSD
lumpy/11_jpg.rf.bffe677f883d9996654d583861e9a520.jpg,1,1,0,0,1,0,LSD
lumpy/img1019.jpg,1,1,0,0,1,0,LSD
lumpy/img1173.jpg,1,1,0,0,1,0,LSD
lumpy/87_jpg.rf.b94a4d2286d59260a876f119f29ec8eb.jpg,1,1,0,0,1,0,LSD
lumpy/img1025.jpg,1,1,0,0,1,0,LSD
lumpy/images_jpg.rf.20d2253c12cfaa0fc20c8fc068a01e5c.jpg,1,1,0,0,1,0,LSD
lumpy/img1590_jpg.rf.d7303d7649adcc17e156a4ba6191a658.jpg,1,1,0,0,1,0,LSD
lumpy/IMG_20220906_172808_jpg.rf.1a7c03832aa6c197e47cde1b1e668cde.jpg,1,1,0,0,1,0,LSD
lumpy/IMG-20220830-WA0074_jpg.rf.e9e29c0b439c209988589fd5ccd4af3f.jpg,1,1,0,0,1,0,LSD
lumpy/img1306.jpg,1,1,0,0,1,0,LSD
lumpy/img1327.jpg,1,1,0,0,1,0,LSD
lumpy/LS-7_jpg.rf.f3da0f9ab16017ca0f580688aabb676f.jpg,1,1,0,0,1,0,LSD
lumpy/img2167_jpg.rf.98343808bee5c0c84422440b426efd3d.jpg,1,1,0,0,1,0,LSD
lumpy/img1387.jpg,1,1,0,0,1,0,LSD
lumpy/img1635_jpg.rf.05e1af9371ecf0c7e89cc9012e843abb.jpg,1,1,0,0,1,0,LSD
lumpy/Lumpy_Skin_207_png.rf.3e77c8f855728300cc5c2fc71477f5ae.jpg,1,1,0,0,1,0,LSD
lumpy/IMG-20220830-WA0105_jpg.rf.c622c82e5b38092da442d3d97a224289.jpg,1,1,0,0,1,0,LSD
lumpy/IMG-20220830-WA0218_jpg.rf.3e94f19da7cce3eeca383c6a469c20d2.jpg,1,1,0,0,1,0,LSD
lumpy/IMG-20220830-WA0053_jpg.rf.c3986768845cbdd811527aa62580b0ac.jpg,1,1,0,0,1,0,LSD
lumpy/IMG-20220830-WA0126_jpg.rf.f8b8d23cff5ad913fbcdfd6aee6b387c.jpg,1,1,0,0,1,0,LSD
lumpy/img1296(1).jpg,1,1,0,0,1,0,LSD
lumpy/img1393.jpg,1,1,0,0,1,0,LSD
lumpy/IMG-20220830-WA0105_jpg.rf.f701d697e06b4980ae3eb1453894115d.jpg,1,1,0,0,1,0,LSD
lumpy/vlcsnap-2022-09-13-14h24m49s079_png_jpg.rf.f30fb228bf1278ea4eb71af341b8b89b.jpg,1,1,0,0,1,0,LSD
lumpy/IMG-20220830-WA0232_jpg.rf.e4af0e74b16b9f6eabe3ef5c0f734f39.jpg,1,1,0,0,1,0,LSD
lumpy/img1586_jpg.rf.4be82d3de0670a3b9102ee3a5161263c.jpg,1,1,0,0,1,0,LSD
lumpy/LS-20_jpg.rf.c853eccda0b3a223680314c7008fd0c3.jpg,1,1,0,0,1,0,LSD
lumpy/IMG_20220830_105903_jpg.rf.064f0169d81bcf87b04bc1a179ec75e1.jpg,1,1,0,0,1,0,LSD
lumpy/IMG-20220901-WA0051_jpg.rf.3f012f1a0beebfc416eb0e8f2270f383.jpg,1,1,0,0,1,0,LSD
lumpy/img1172.jpg,1,1,0,0,1,0,LSD
lumpy/img1368.jpg,1,1,0,0,1,0,LSD
lumpy/IMG-20220830-WA0126_jpg.rf.523cbde240dc727760137c9374508bd6.jpg,1,1,0,0,1,0,LSD
lumpy/Lumpy_Skin_260_png.rf.16982e7b634f334361bedaf6d80a4e8c.jpg,1,1,0,0,1,0,LSD
lumpy/IMG_20220830_111220_jpg.rf.6e5a2eb9dbe90e82e5f3fd71cd2f7d57.jpg,1,1,0,0,1,0,LSD
lumpy/img1104.jpg,1,1,0,0,1,0,LSD
lumpy/IMG-20220830-WA0127_jpg.rf.93f4a86399f5c7586a6c642f03b74bb6.jpg,1,1,0,0,1,0,LSD
lumpy/img2371_jpg.rf.28f417b07ff40bd2be1e78b36b63dc08.jpg,1,1,0,0,1,0,LSD
lumpy/23_jpg.rf.680b5dd8329ed0b3ca98a5169c601c64.jpg,1,1,0,0,1,0,LSD
lumpy/img1181.jpg,1,1,0,0,1,0,LSD
lumpy/img1369.jpg,1,1,0,0,1,0,LSD
lumpy/Lumpy_Skin_98_png.rf.c828f03535ec93ddd19940b25b51e804.jpg,1,1,0,0,1,0,LSD
lumpy/img1414.jpg,1,1,0,0,1,0,LSD
lumpy/Lumpy_Skin_140-resized.jpg,1,1,0,0,1,0,LSD
lumpy/img1359.jpg,1,1,0,0,1,0,LSD
lumpy/img1085.jpg,1,1,0,0,1,0,LSD
lumpy/LSD-83-_png_jpg.rf.ff3da07149b6e07e2a9bf67b960b5f6d.jpg,1,1,0,0,1,0,LSD
lumpy/14_jpg.rf.1fcea11523f5cc0bcccb1519ef0a79fc.jpg,1,1,0,0,1,0,LSD
lumpy/img1607_jpg.rf.c103a4fd3dc8959eaa8015974119ba38.jpg,1,1,0,0,1,0,LSD
lumpy/40_jpg.rf.3b611e3c5be2d420deef674b48e52784.jpg,1,1,0,0,1,0,LSD
lumpy/IMG-20220830-WA0200_jpg.rf.01a4bdd9c534d46b00424459bb0cc01f.jpg,1,1,0,0,1,0,LSD
lumpy/img1767_jpg.rf.54f2cf9115cd78f11eb8b57c25c4b533.jpg,1,1,0,0,1,0,LSD
lumpy/LSD1_jpg.rf.3d76b8f2880f6daf8cafb29c74516837.jpg,1,1,0,0,1,0,LSD
lumpy/Lumpy_Skin_203_png.rf.08073ab490271a2bad3c17ad412b20b8.jpg,1,1,0,0,1,0,LSD
lumpy/img1450_jpg.rf.ea6256b36803d14015ca80f442194118.jpg,1,1,0,0,1,0,LSD
lumpy/img1523_jpg.rf.06223754003956e227e426e7112e0432.jpg,1,1,0,0,1,0,LSD
lumpy/img1191.jpg,1,1,0,0,1,0,LSD
lumpy/IMG-20220830-WA0191_jpg.rf.cd4cfcacf83cfea45d115e6d04fe33ad.jpg,1,1,0,0,1,0,LSD
lumpy/img1035.jpg,1,1,0,0,1,0,LSD
lumpy/img1280.jpg,1,1,0,0,1,0,LSD
lumpy/IMG_20220906_174445_jpg.rf.d68f63b4ad909d88acb6cff8f2f6cb02.jpg,1,1,0,0,1,0,LSD
lumpy/IMG_20220906_173254_jpg.rf.e0f68c8c1eddb743928cdc1e596ad9fa.jpg,1,1,0,0,1,0,LSD
lumpy/IMG_20220830_075803_jpg.rf.d557e670ce03693ddcff955a495341df.jpg,1,1,0,0,1,0,LSD
lumpy/IMG-20220830-WA0227_jpg.rf.23abe008670115e4332c9e5cbb4a7eaa.jpg,1,1,0,0,1,0,LSD
lumpy/Lumpy_Skin_121_png.rf.1beab04d94bc2d912c86b7fb79af7d94.jpg,1,1,0,0,1,0,LSD
lumpy/Lumpy_Skin_17_png.rf.824d377415d38cd498b824ae91597830.jpg,1,1,0,0,1,0,LSD
lumpy/LS-28_JPG_jpg.rf.c1014be350ee0b3a8d23831b5f7b7ca4.jpg,1,1,0,0,1,0,LSD
lumpy/img1600_jpg.rf.9a323d1108bb9ca965eab3abe1ff978a.jpg,1,1,0,0,1,0,LSD
lumpy/IMG_20220830_081529_jpg.rf.c0835519af3532c9f1d067218d469e6f.jpg,1,1,0,0,1,0,LSD
lumpy/IMG_20220906_172316_jpg.rf.fd2e41ddfd18a096fd56737694134399.jpg,1,1,0,0,1,0,LSD
lumpy/LSD-237-_png_jpg.rf.3773e1cb7148a99d3486401ff219f8a2.jpg,1,1,0,0,1,0,LSD
lumpy/img1049.jpg,1,1,0,0,1,0,LSD
lumpy/img1385.jpg,1,1,0,0,1,0,LSD
lumpy/IMG_20220830_081709_jpg.rf.ea313bf8ce78e459fc2feba8163826d1.jpg,1,1,0,0,1,0,LSD
lumpy/LSD-256-_png_jpg.rf.b628c46afda5f237c236b29df1786f48.jpg,1,1,0,0,1,0,LSD
lumpy/FB_IMG_1662698173191_jpg.rf.57d24738e11a2eb7acc69503a66a5632.jpg,1,1,0,0,1,0,LSD
lumpy/img1854_jpg.rf.5c42af01fbfd4a9731164b11ffa7d5a6.jpg,1,1,0,0,1,0,LSD
lumpy/LSD-173-_png_jpg.rf.40773a4e94815b5a4ad917a23fafb4ea.jpg,1,1,0,0,1,0,LSD
lumpy/Lumpy_Skin_32-resized.jpg,1,1,0,0,1,0,LSD
lumpy/IMG-20220830-WA0239_jpg.rf.26a519f81017517ea19a1533a8db8db9.jpg,1,1,0,0,1,0,LSD
lumpy/img1764_jpg.rf.9ee3a2429f803aa8096f8c87010e8435.jpg,1,1,0,0,1,0,LSD
lumpy/69_jpg.rf.af1b7e62ba1211685805e4c0c08f3e90.jpg,1,1,0,0,1,0,LSD
lumpy/Lumpy_Skin_3_png.rf.2a6f4fddce80ee9b057f1b58e46895f1.jpg,1,1,0,0,1,0,LSD
lumpy/Lumpy_Skin_119-resized.jpg,1,1,0,0,1,0,LSD
lumpy/img1265.jpg,1,1,0,0,1,0,LSD
lumpy/img1087.jpg,1,1,0,0,1,0,LSD
lumpy/img2285_jpg.rf.82ed4b0b84ab9aeb8959867af324c6f3.jpg,1,1,0,0,1,0,LSD
lumpy/img1288.jpg,1,1,0,0,1,0,LSD
lumpy/img1068.jpg,1,1,0,0,1,0,LSD
lumpy/LS-5_jpg.rf.877b960fd14b38a2fc7eba3d8273a1b4.jpg,1,1,0,0,1,0,LSD
lumpy/img1245.jpg,1,1,0,0,1,0,LSD
lumpy/img1923_jpg.rf.11a2deced8d67ee48ab6f57213b34de9.jpg,1,1,0,0,1,0,LSD
lumpy/IMG-20220830-WA0105_jpg.rf.0938c6c3c5dd32058521a5eff73909c5.jpg,1,1,0,0,1,0,LSD
lumpy/Screenshot_2022_0901_190125_png_jpg.rf.91179a994de7cc59b9b3fabea4157fda.jpg,1,1,0,0,1,0,LSD
lumpy/img1257.jpg,1,1,0,0,1,0,LSD
lumpy/IMG-20220830-WA0070_jpg.rf.5532cda04ae2695e6c615eee291c8d9e.jpg,1,1,0,0,1,0,LSD
lumpy/IMG-20220830-WA0107_jpg.rf.fc00f2704cf401d07589d88c3d0bc6a6.jpg,1,1,0,0,1,0,LSD
lumpy/img1540_jpg.rf.ca2d7a31711159d44edde9e1adc0d678.jpg,1,1,0,0,1,0,LSD
lumpy/LS-26_JPG_jpg.rf.6730ea43227b4fb5f2715d1ba73c4bc5.jpg,1,1,0,0,1,0,LSD
lumpy/img1985_jpg.rf.16f99e02946a3c967614c545f7dcc9b6.jpg,1,1,0,0,1,0,LSD
lumpy/Lumpy_Skin_189_png.rf.39bd38be1aa7dde81f23c78cde0fe5a7.jpg,1,1,0,0,1,0,LSD
lumpy/img1128.jpg,1,1,0,0,1,0,LSD
lumpy/img1479_jpg.rf.0e5e9c9f2f1b2bd16013c991799b73b4.jpg,1,1,0,0,1,0,LSD
lumpy/18_jpg.rf.1ae40900657ba57f8f50f7c312585ed7.jpg,1,1,0,0,1,0,LSD
lumpy/Lumpy_Skin_54_png.rf.fb2df03311c40eadf657f9445023e4fa.jpg,1,1,0,0,1,0,LSD
lumpy/img1899_jpg.rf.03357911d3f3b49660c850aeafd05cf9.jpg,1,1,0,0,1,0,LSD
lumpy/IMG-20220830-WA0125_jpg.rf.c25106033882b2a4afd54154047a0137.jpg,1,1,0,0,1,0,LSD
lumpy/IMG-20220830-WA0082_jpg.rf.0a65e68f7571319390dfc21ec03b9bc9.jpg,1,1,0,0,1,0,LSD
foot-and-mouth/-24-_jpg.rf.a8145c875b1985f2632b853ab03d4ae3.jpg,1,0,1,1,0,0,FOOT-AND-MOUTH
foot-and-mouth/moazx-316-_jpg.rf.03744004979fe1645b7f38bab64fc783.jpg,1,0,1,1,0,0,FOOT-AND-MOUTH
foot-and-mouth/Diseased-foot-12_jpg.rf.097b9b8442d3417ca1b07831b94d37a4.jpg,1,0,1,1,0,0,FOOT-AND-MOUTH
foot-and-mouth/FMD_17_jpg.rf.12d3739e802668f9dab7bf6c9bf13d53.jpg,1,0,1,1,0,0,FOOT-AND-MOUTH
foot-and-mouth/-16-_jpg.rf.469ae7b9022b798440d20a387f714fad.jpg,1,0,1,1,0,0,FOOT-AND-MOUTH
foot-and-mouth/-63-_jpg.rf.d1be98e20941ae9efdfd5e6da1aedfd7.jpg,1,0,1,1,0,0,FOOT-AND-MOUTH
foot-and-mouth/FMD-foot-lesions-4-Copy-10-_jpg.rf.1b97f766980c72d0b27c2310dcc142b1.jpg,1,0,1,1,0,0,FOOT-AND-MOUTH
foot-and-mouth/SRm 5-7d-1WM-1.jpg,1,0,1,1,0,0,FOOT-AND-MOUTH
foot-and-mouth/Diseased-dental-pad-49_jpg.rf.630f6dae0bff201e8001b531804a33f5.jpg,1,0,1,1,0,0,FOOT-AND-MOUTH
foot-and-mouth/FMD-Knuckles-_208_jpeg.rf.209ee7f4f5439cf0577004f6e9204505.jpg,1,0,1,1,0,0,FOOT-AND-MOUTH
foot-and-mouth/8386722892_03ec82fcfd_o-800x600_jpg.rf.d809bfb8534ce899dd8adc6e734c558c.jpg,1,0,1,1,0,0,FOOT-AND-MOUTH
foot-and-mouth/moazx-324-_jpg.rf.e40c2f2a7cdcc0ce1c1a2ff3bb5d84c5.jpg,1,0,1,1,0,0,FOOT-AND-MOUTH
foot-and-mouth/-19-_jpg.rf.a836d466864125a2118a684a7a20a434.jpg,1,0,1,1,0,0,FOOT-AND-MOUTH
foot-and-mouth/-57-_jpg.rf.befa41aef4349039ad7e0368886fa1e1.jpg,1,0,1,1,0,0,FOOT-AND-MOUTH
foot-and-mouth/-15-_jpg.rf.7bd97d4dd140f2fd0149627463ee132b.jpg,1,0,1,1,0,0,FOOT-AND-MOUTH
foot-and-mouth/Diseased-dental-pad-26_jpg.rf.b6abe0f9b12a95ed09c194aa4c00676e.jpg,1,0,1,1,0,0,FOOT-AND-MOUTH
foot-and-mouth/FMD_9_jpg.rf.5174e4f145a3fb57feeaae5296304aeb.jpg,1,0,1,1,0,0,FOOT-AND-MOUTH
foot-and-mouth/foot-and-mougth-13-_jpg.rf.0b5c3c5579a2649608d2c87098602f29.jpg,1,0,1,1,0,0,FOOT-AND-MOUTH
foot-and-mouth/mosap-39-_jpg.rf.607c640111c6568d14b91a0753cbf2af.jpg,1,0,1,1,0,0,FOOT-AND-MOUTH
foot-and-mouth/FMD_107_jpg.rf.c88036bdc636beb1ec64ae49d4bebd13.jpg,1,0,1,1,0,0,FOOT-AND-MOUTH
foot-and-mouth/mouth4_days_3JMOKWM.jpg,1,0,1,1,0,0,FOOT-AND-MOUTH
foot-and-mouth/mosap-57-_jpg.rf.0f768f6dc83254b18ad8096601479003.jpg,1,0,1,1,0,0,FOOT-AND-MOUTH
foot-and-mouth/FMD_121_jpg.rf.c54e36558b5feb280697d6b3482ee82d.jpg,1,0,1,1,0,0,FOOT-AND-MOUTH
foot-and-mouth/-21-_jpg.rf.28e352003d28ea0a2576d99ac5f135da.jpg,1,0,1,1,0,0,FOOT-AND-MOUTH
foot-and-mouth/mosap-32-_jpg.rf.b417e363e97c6e50dd66d32046a372e5.jpg,1,0,1,1,0,0,FOOT-AND-MOUTH
foot-and-mouth/Diseased-dental-pad-46_jpg.rf.d86da8c137dac19f16654c8bbc313a4b.jpg,1,0,1,1,0,0,FOOT-AND-MOUTH
foot-and-mouth/7-day-vesicle-steer-foot-2_jpg.rf.043438f61b68fccc38a4a573a52da95b.jpg,1,0,1,1,0,0,FOOT-AND-MOUTH
foot-and-mouth/Cows-head-open-mouth-2_jpg.rf.3affa547d32b3811ee7e5f451d0fdec8.jpg,1,0,1,1,0,0,FOOT-AND-MOUTH
foot-and-mouth/ct 2-3-1 (1)WM-1.jpg,1,0,1,1,0,0,FOOT-AND-MOUTH
foot-and-mouth/FMD-cattle-12-Copy-10-_jpg.rf.8380f5c0c6fbdab92f807865d142a213.jpg,1,0,1,1,0,0,FOOT-AND-MOUTH
foot-and-mouth/Diseased-foot-14_jpg.rf.aa09d0132e684019bff881d3f1850e5d.jpg,1,0,1,1,0,0,FOOT-AND-MOUTH
foot-and-mouth/FMD_27_jpg.rf.6f7c180402524a4a31bf0260648e5c2a.jpg,1,0,1,1,0,0,FOOT-AND-MOUTH
foot-and-mouth/foot-and-mougth-11-_jpeg.rf.ef9f3be15830e947ef1516b9487f5551.jpg,1,0,1,1,0,0,FOOT-AND-MOUTH
foot-and-mouth/mosap-425-_jpg.rf.c30aee19ef476c6ce4e547bcf0dc1c1a.jpg,1,0,1,1,0,0,FOOT-AND-MOUTH
foot-and-mouth/FMD_165_jpg.rf.0f460dc236c146f42e8923ef78c00e35.jpg,1,0,1,1,0,0,FOOT-AND-MOUTH
foot-and-mouth/FMD-foot-lesions-11-Copy-10-_jpg.rf.53c98d15eeda2988465d5951cf71a8ed.jpg,1,0,1,1,0,0,FOOT-AND-MOUTH
foot-and-mouth/FMD-Knuckles-_24-Copy_jpeg.rf.c7c41b90b34789945d5660418a885473.jpg,1,0,1,1,0,0,FOOT-AND-MOUTH
foot-and-mouth/mosap-115-_jpg.rf.e88ef1c364608458e94fd27345c8fe84.jpg,1,0,1,1,0,0,FOOT-AND-MOUTH
foot-and-mouth/mosap-397-_jpg.rf.8aacecb9b165f87c404bf655dfa6d7d7.jpg,1,0,1,1,0,0,FOOT-AND-MOUTH
foot-and-mouth/mouth_4_daysJMOKWM.jpg,1,0,1,1,0,0,FOOT-AND-MOUTH
foot-and-mouth/FMD_4_jpg.rf.9b0eb8788b38ed14249abc74245b2a0d.jpg,1,0,1,1,0,0,FOOT-AND-MOUTH
foot-and-mouth/mosap-34-_jpg.rf.90db85357771ced5b96da556f56f8bbb.jpg,1,0,1,1,0,0,FOOT-AND-MOUTH
foot-and-mouth/-37-_jpg.rf.df3f9dce7699b8948f5d7faba3941fc9.jpg,1,0,1,1,0,0,FOOT-AND-MOUTH
foot-and-mouth/mosap-373-_jpg.rf.51ee5362cd7387524bd3d4b85fa7ad6b.jpg,1,0,1,1,0,0,FOOT-AND-MOUTH
foot-and-mouth/mosap-90-_jpg.rf.084048b7c0c703da851b5f03b4d3b72a.jpg,1,0,1,1,0,0,FOOT-AND-MOUTH
foot-and-mouth/mouth_4-5_days_5WM.jpg,1,0,1,1,0,0,FOOT-AND-MOUTH
foot-and-mouth/FMD-foot-lesions-9_jpg.rf.5e120a4fab553082a463b789d5ae295a.jpg,1,0,1,1,0,0,FOOT-AND-MOUTH
foot-and-mouth/Diseased-dental-pad-36_jpg.rf.5dc1b0bb42ec944d87921d1e38216072.jpg,1,0,1,1,0,0,FOOT-AND-MOUTH
foot-and-mouth/mosap-394-_jpg.rf.f2d1dfd1a901b2afbf6c42317e70169e.jpg,1,0,1,1,0,0,FOOT-AND-MOUTH
foot-and-mouth/moazx-112-_jpg.rf.e1f67aef3e970bba839c8d2f9cf7dea4.jpg,1,0,1,1,0,0,FOOT-AND-MOUTH
foot-and-mouth/moazx-40-_jpg.rf.31653e5b3eb9379f4d8e8a60f6fb6356.jpg,1,0,1,1,0,0,FOOT-AND-MOUTH
foot-and-mouth/-39-_jpg.rf.f0c414131b8f9e2c4df16e5cd4134fd4.jpg,1,0,1,1,0,0,FOOT-AND-MOUTH
foot-and-mouth/foot-and-mougth-1-_png_jpg.rf.5dfed1108ccd84628ca5d54174d4c58b.jpg,1,0,1,1,0,0,FOOT-AND-MOUTH
foot-and-mouth/FMD__5_jpg.rf.0db86e13d2033453bc1425f0cba09602.jpg,1,0,1,1,0,0,FOOT-AND-MOUTH
foot-and-mouth/FMD_40_jpg.rf.27d44bd4374a32cad80948d77c317f0d.jpg,1,0,1,1,0,0,FOOT-AND-MOUTH
foot-and-mouth/mouth_4-5_days_9WM.jpg,1,0,1,1,0,0,FOOT-AND-MOUTH
foot-and-mouth/mosap-371-_jpg.rf.f975508a0c7067c68fc23c69b9949128.jpg,1,0,1,1,0,0,FOOT-AND-MOUTH
foot-and-mouth/moazx-9-_jpg.rf.f717a6234b6599302ce115c825392ac5.jpg,1,0,1,1,0,0,FOOT-AND-MOUTH
foot-and-mouth/FMD-Knuckles-_152_jpeg.rf.d80182ccd7da06ca6203f45d04629c57.jpg,1,0,1,1,0,0,FOOT-AND-MOUTH
foot-and-mouth/FMD_090_jpg.rf.e61420d9917427b9bbdf2930ca78dbe1.jpg,1,0,1,1,0,0,FOOT-AND-MOUTH
foot-and-mouth/Diseased-foot-16_jpg.rf.669d0d22550b680555d32b1f0d296e04.jpg,1,0,1,1,0,0,FOOT-AND-MOUTH
foot-and-mouth/FMD_001_jpg.rf.80292dc75269b6d4794de313db816e33.jpg,1,0,1,1,0,0,FOOT-AND-MOUTH
foot-and-mouth/FMD_17_jpg.rf.11949ccdf2b9783eae5ab0acf167952f.jpg,1,0,1,1,0,0,FOOT-AND-MOUTH
foot-and-mouth/P1010992WM-1.jpg,1,0,1,1,0,0,FOOT-AND-MOUTH
foot-and-mouth/FMD_093_jpg.rf.b0ce9a45543217f1476328acae469be1.jpg,1,0,1,1,0,0,FOOT-AND-MOUTH
foot-and-mouth/foot-and-mougth-5-_jpeg_jpg.rf.4d7648af085a8fbf87123f48b6a69d47.jpg,1,0,1,1,0,0,FOOT-AND-MOUTH
foot-and-mouth/cm4-5-1WM-1.jpg,1,0,1,1,0,0,FOOT-AND-MOUTH
foot-and-mouth/mosap-142-_jpg.rf.e519e14196588a40f993a2d6759a4cad.jpg,1,0,1,1,0,0,FOOT-AND-MOUTH
foot-and-mouth/foot-and-mougth-32-_png_jpg.rf.27db554e5bb33175a079ef0b87d97beb.jpg,1,0,1,1,0,0,FOOT-AND-MOUTH
foot-and-mouth/FMD-Knuckles-_192_jpeg.rf.4871a640e847028768f94b1222f50303.jpg,1,0,1,1,0,0,FOOT-AND-MOUTH
foot-and-mouth/moazx-105-_jpg.rf.c93c5c5b96810a1f6eae33d0aace3b08.jpg,1,0,1,1,0,0,FOOT-AND-MOUTH
foot-and-mouth/foot-and-mougth-5-_jpg.rf.804dc762d8212af1af315204dca3e330.jpg,1,0,1,1,0,0,FOOT-AND-MOUTH
foot-and-mouth/-64-_jpg.rf.267bc0abaa1e518d95df93304231b153.jpg,1,0,1,1,0,0,FOOT-AND-MOUTH
foot-and-mouth/mosap-15-_jpg.rf.6477fe45d40ff72827b3c2bc1400e84a.jpg,1,0,1,1,0,0,FOOT-AND-MOUTH
foot-and-mouth/FMD-foot-lesions-11-Copy-10-_jpg.rf.2a4e9bab39ab3df41ec9c0856e1026be.jpg,1,0,1,1,0,0,FOOT-AND-MOUTH
foot-and-mouth/FMD_1_jpg.rf.fd1307bd712c06662329341ee03ce9a9.jpg,1,0,1,1,0,0,FOOT-AND-MOUTH
foot-and-mouth/FMD__15_jpg.rf.017fafc293c9fac275febb88e4da6981.jpg,1,0,1,1,0,0,FOOT-AND-MOUTH
foot-and-mouth/FMD_16_jpg.rf.e093546f4b47b57c4c016dbdc4171f67.jpg,1,0,1,1,0,0,FOOT-AND-MOUTH
foot-and-mouth/-59-_jpg.rf.c3c2731c53d37ccce633d7653952b940.jpg,1,0,1,1,0,0,FOOT-AND-MOUTH
foot-and-mouth/mosap-104-_jpg.rf.081eeea88164533156490ad410c96101.jpg,1,0,1,1,0,0,FOOT-AND-MOUTH
foot-and-mouth/FMD-Knuckles-_216_jpeg.rf.44394318bb06f66f542b3343bf79463c.jpg,1,0,1,1,0,0,FOOT-AND-MOUTH
foot-and-mouth/FMD_11_jpg.rf.fd09ec987cad72e6475a1ab599468f27.jpg,1,0,1,1,0,0,FOOT-AND-MOUTH
foot-and-mouth/mosap-123-_jpg.rf.daace86cbe40a606bf082ceb8895f89e.jpg,1,0,1,1,0,0,FOOT-AND-MOUTH
foot-and-mouth/mosap-93-_jpg.rf.ff5a7207c96b29e1421c0e8c8225a9f8.jpg,1,0,1,1,0,0,FOOT-AND-MOUTH
foot-and-mouth/moazx-116-_jpg.rf.4f262e16bae1ca5700499272f2255bf0.jpg,1,0,1,1,0,0,FOOT-AND-MOUTH
foot-and-mouth/mouth_7-8_days_1WM.jpg,1,0,1,1,0,0,FOOT-AND-MOUTH
foot-and-mouth/FMD-Knuckles-_225_jpeg.rf.0e0efefc55ca171a1137b34a35cfdcc8.jpg,1,0,1,1,0,0,FOOT-AND-MOUTH
foot-and-mouth/mosap-140-_jpg.rf.680e857fe02ca97c36073ae7906a9de1.jpg,1,0,1,1,0,0,FOOT-AND-MOUTH
foot-and-mouth/mosap-67-_jpg.rf.90e43726c0af9afc5ef3e8002409e8e0.jpg,1,0,1,1,0,0,FOOT-AND-MOUTH
foot-and-mouth/FMD-Knuckles-_20-Copy_jpeg.rf.33f54ba9b0d0424fecd82748640d728a.jpg,1,0,1,1,0,0,FOOT-AND-MOUTH
foot-and-mouth/moazx-312-_jpg.rf.1be17e2fe0771a32e6081c714dad20fa.jpg,1,0,1,1,0,0,FOOT-AND-MOUTH
foot-and-mouth/moazx-128-_jpg.rf.6793e08d4974a331269b1c7deafd9b89.jpg,1,0,1,1,0,0,FOOT-AND-MOUTH
foot-and-mouth/moazx-110-_jpg.rf.9b47113e49b8d8dbdde22829f005cc9a.jpg,1,0,1,1,0,0,FOOT-AND-MOUTH
foot-and-mouth/mosap-116-_jpg.rf.679e2b3bc17068ad14425cfb9bc8f818.jpg,1,0,1,1,0,0,FOOT-AND-MOUTH
foot-and-mouth/mosap-146-_jpg.rf.5bc8bbf6c0a28e02cc6dcf961aafd12b.jpg,1,0,1,1,0,0,FOOT-AND-MOUTH
foot-and-mouth/teats_unrupted 1dayWM.jpg,1,0,1,1,0,0,FOOT-AND-MOUTH
foot-and-mouth/-17-_jpg.rf.4afd6b88ba370293b53382e1e05057e6.jpg,1,0,1,1,0,0,FOOT-AND-MOUTH
foot-and-mouth/mosap-38-_jpg.rf.c64ca13b75639af85f29dee244f7dca7.jpg,1,0,1,1,0,0,FOOT-AND-MOUTH
foot-and-mouth/-45-_jpg.rf.1e3f54c6fd1e3f59147dca25a1f47038.jpg,1,0,1,1,0,0,FOOT-AND-MOUTH
foot-and-mouth/moazx-142-_jpg.rf.13ac114817b860231717f6bb4b1848cf.jpg,1,0,1,1,0,0,FOOT-AND-MOUTH
foot-and-mouth/Diseased-dental-pad-7_jpg.rf.320982f4fd68eacb279cb06324bcc7ff.jpg,1,0,1,1,0,0,FOOT-AND-MOUTH
foot-and-mouth/Diseased-dental-pad-24_jpg.rf.43fd117d083d45a3f5e45edc3359c589.jpg,1,0,1,1,0,0,FOOT-AND-MOUTH
foot-and-mouth/FMD_9_jpg.rf.eaf2aadf97acaa0494c3da21d64bae0a.jpg,1,0,1,1,0,0,FOOT-AND-MOUTH
foot-and-mouth/pigm 4-5d-1WM-1.jpg,1,0,1,1,0,0,FOOT-AND-MOUTH
foot-and-mouth/moazx-159-_jpg.rf.15a7665302a41ddcce5a6c492e5a3919.jpg,1,0,1,1,0,0,FOOT-AND-MOUTH
foot-and-mouth/mosap-363-_jpg.rf.54055b69245f93756c798358e9f937ea.jpg,1,0,1,1,0,0,FOOT-AND-MOUTH
foot-and-mouth/Diseased-dental-pad-44_jpg.rf.8e68193dedce32b2f5166da55f608d18.jpg,1,0,1,1,0,0,FOOT-AND-MOUTH
foot-and-mouth/Diseased-dental-pad-5_jpg.rf.7969ead9ddf272dd9c770d043ffde4bf.jpg,1,0,1,1,0,0,FOOT-AND-MOUTH
foot-and-mouth/mosap-61-_jpg.rf.9386dd04b8c1e093840764bf852b9bdd.jpg,1,0,1,1,0,0,FOOT-AND-MOUTH
foot-and-mouth/mosap-366-_jpg.rf.0ade5afc431db11d3302baec1de7c20d.jpg,1,0,1,1,0,0,FOOT-AND-MOUTH
foot-and-mouth/mosap-64-_jpg.rf.56854a94dc543582652bffc9b6e2890b.jpg,1,0,1,1,0,0,FOOT-AND-MOUTH
foot-and-mouth/babi3_png.rf.f277b8464819ea7d9b4d45e4b43d7d3b.jpg,1,0,1,1,0,0,FOOT-AND-MOUTH
foot-and-mouth/Diseased-dental-pad-9_jpg.rf.9f242c8cf130bb30c4d8563dd8ad6e3d.jpg,1,0,1,1,0,0,FOOT-AND-MOUTH
foot-and-mouth/P1010971WM.jpg,1,0,1,1,0,0,FOOT-AND-MOUTH
foot-and-mouth/4-foot-mouth-disease-fmd-vesicles-tongue-ulceration_jpg.rf.9d694269a3a8aa837f9903651cc45707.jpg,1,0,1,1,0,0,FOOT-AND-MOUTH
foot-and-mouth/mosap-86-_jpg.rf.42b1a3db625512655d831d8627939fc4.jpg,1,0,1,1,0,0,FOOT-AND-MOUTH
foot-and-mouth/mouth_4-5 daysJMOKWM.jpg,1,0,1,1,0,0,FOOT-AND-MOUTH
foot-and-mouth/FMD-foot-lesions-6-Copy-10-_jpg.rf.cb864e751e9c4780a720fffbc4ff5cd5.jpg,1,0,1,1,0,0,FOOT-AND-MOUTH
foot-and-mouth/Diseased-dental-pad-28_jpg.rf.3ff1b4934dab0553a26b90a75278238f.jpg,1,0,1,1,0,0,FOOT-AND-MOUTH
foot-and-mouth/FMD-Knuckles-_25-Copy_jpeg.rf.67c459d4fed6da714e97423457b3287c.jpg,1,0,1,1,0,0,FOOT-AND-MOUTH
foot-and-mouth/mosap-101-_jpg.rf.6e4d1908e9b7d0a4a961e26ce596983a.jpg,1,0,1,1,0,0,FOOT-AND-MOUTH
foot-and-mouth/pigf 10d-3WM-1.jpg,1,0,1,1,0,0,FOOT-AND-MOUTH
foot-and-mouth/-65-_jpg.rf.39a18d3a88e5b805c5b93b825e535149.jpg,1,0,1,1,0,0,FOOT-AND-MOUTH
foot-and-mouth/moazx-115-_jpg.rf.f7c56e7e212702a6da43356aecc2c737.jpg,1,0,1,1,0,0,FOOT-AND-MOUTH
foot-and-mouth/moazx-34-_jpg.rf.f46986553fa14e2566fb32d5de8e2f4f.jpg,1,0,1,1,0,0,FOOT-AND-MOUTH
foot-and-mouth/FMD_032_jpg.rf.cfc20399287e9ee87ee5ff1763fbfab5.jpg,1,0,1,1,0,0,FOOT-AND-MOUTH
foot-and-mouth/FMD_23_jpg.rf.5e1d53e50ed8e7552f4edf26c2f9698a - Copy.jpg,1,0,1,1,0,0,FOOT-AND-MOUTH
foot-and-mouth/-13-_jpg.rf.d0856413cfecd933cf5d87410de09e3a.jpg,1,0,1,1,0,0,FOOT-AND-MOUTH
foot-and-mouth/FMD_013_jpg.rf.7819a9e46babc189ba6b8a7eb79b2a6f.jpg,1,0,1,1,0,0,FOOT-AND-MOUTH
foot-and-mouth/moazx-164-_jpg.rf.0e76b9cdabb2a19470d255c68c57e961.jpg,1,0,1,1,0,0,FOOT-AND-MOUTH
foot-and-mouth/mosap-65-_jpg.rf.27361ab8ab767f9da2793e0f31131517.jpg,1,0,1,1,0,0,FOOT-AND-MOUTH
foot-and-mouth/mosap-429-_jpg.rf.4f99bb9ae569804390558c2e5e3a70fb.jpg,1,0,1,1,0,0,FOOT-AND-MOUTH
foot-and-mouth/foot-and-mougth-23-_jpg.rf.c8bdfe934aab41cab9f187980be016fe.jpg,1,0,1,1,0,0,FOOT-AND-MOUTH
foot-and-mouth/mosap-62-_jpg.rf.9cd24788e4ec5cbcf23a56997cc43945.jpg,1,0,1,1,0,0,FOOT-AND-MOUTH
foot-and-mouth/moazx-307-_jpg.rf.591421b3ec05e785d90a07fff63696d7.jpg,1,0,1,1,0,0,FOOT-AND-MOUTH
foot-and-mouth/moazx-28-_jpg.rf.9f735ff0d40405cc059a6645f6b65794.jpg,1,0,1,1,0,0,FOOT-AND-MOUTH
foot-and-mouth/FMD_027_jpg.rf.f1613382dba4091ca3b802f9269c8fed - Copy.jpg,1,0,1,1,0,0,FOOT-AND-MOUTH
foot-and-mouth/pigf 2d-1WM-1.jpg,1,0,1,1,0,0,FOOT-AND-MOUTH
foot-and-mouth/mosap-128-_jpg.rf.1e6dd57edd1972419cd4f3798b6fcc99.jpg,1,0,1,1,0,0,FOOT-AND-MOUTH
foot-and-mouth/mosap-53-_jpg.rf.79e389dc96a2a052e8d0eaf9c47807e9.jpg,1,0,1,1,0,0,FOOT-AND-MOUTH
foot-and-mouth/9-foot-mouth-disease-fmd-lesions-palate_jpg.rf.ee6267def11c42df80f0216650087bec.jpg,1,0,1,1,0,0,FOOT-AND-MOUTH
foot-and-mouth/moazx-32-_jpg.rf.d0de17c3baa38f199c67c63d2a2a0b1c.jpg,1,0,1,1,0,0,FOOT-AND-MOUTH
foot-and-mouth/11_foot_mouth_disease_mpi_jpg.rf.76e8175bb4d764d636e7de5d0371a907.jpg,1,0,1,1,0,0,FOOT-AND-MOUTH
foot-and-mouth/moazx-23-_jpg.rf.b6091bfebb5f89bc0f0e4c9e35f235f9.jpg,1,0,1,1,0,0,FOOT-AND-MOUTH
foot-and-mouth/8-malignant-catarral-fever-mcf_jpg.rf.2cb8cde45c1ed57b436f8ea6fb820072.jpg,1,0,1,1,0,0,FOOT-AND-MOUTH
foot-and-mouth/tongue_2-3_days_WM.jpg,1,0,1,1,0,0,FOOT-AND-MOUTH
foot-and-mouth/FMD__14_jpg.rf.c045b37c41211f9b50e002d55e5766b1.jpg,1,0,1,1,0,0,FOOT-AND-MOUTH
foot-and-mouth/small2dcow-1WM-1.jpg,1,0,1,1,0,0,FOOT-AND-MOUTH
foot-and-mouth/mosap-155-_jpg.rf.a652cf723156e553d09b197b4b1f63bd.jpg,1,0,1,1,0,0,FOOT-AND-MOUTH
foot-and-mouth/moazx-113-_jpg.rf.b3fdfafdcb8dd634a79801c19892d67a.jpg,1,0,1,1,0,0,FOOT-AND-MOUTH
foot-and-mouth/moazx-138-_jpg.rf.576284e3f71489b5442e5c0a2289fd0f.jpg,1,0,1,1,0,0,FOOT-AND-MOUTH
foot-and-mouth/moazx-158-_jpg.rf.d243ec147ed43977b3b8fcf958ccdf5a.jpg,1,0,1,1,0,0,FOOT-AND-MOUTH
foot-and-mouth/5-day-old-lesions-on-cattle-gums_png.rf.cf9a50e94b0fb732c89994b937017016.jpg,1,0,1,1,0,0,FOOT-AND-MOUTH
foot-and-mouth/-25-_jpg.rf.4c8cce5a981223fa17d3c8efc2a40fd3.jpg,1,0,1,1,0,0,FOOT-AND-MOUTH
foot-and-mouth/Diseased-foot-11_jpg.rf.333ce66d542ab20c53e3b631b959def9.jpg,1,0,1,1,0,0,FOOT-AND-MOUTH
foot-and-mouth/moazx-124-_jpg.rf.fa79881f6de25b2e8f460bd58515fa28.jpg,1,0,1,1,0,0,FOOT-AND-MOUTH
foot-and-mouth/FMD_2_jpg.rf.22ac9a13eabdf1d1bc7cedcb1991441c.jpg,1,0,1,1,0,0,FOOT-AND-MOUTH
foot-and-mouth/FMD_40_jpg.rf.1a35571afbce949cb215bc3f65a6481d.jpg,1,0,1,1,0,0,FOOT-AND-MOUTH
foot-and-mouth/-14-_jpg.rf.a010c87f02f9edb905ec50d2f10e96f6.jpg,1,0,1,1,0,0,FOOT-AND-MOUTH
foot-and-mouth/moazx-140-_jpg.rf.974d6f8dc338bd2b29c71a7f9a9d4234.jpg,1,0,1,1,0,0,FOOT-AND-MOUTH
foot-and-mouth/FMD_27_jpg.rf.7765bd45c112b236801992bb52d54159.jpg,1,0,1,1,0,0,FOOT-AND-MOUTH
foot-and-mouth/mosap-78-_jpg.rf.1f3a2b943b29d05c7cf627058db1f4d8.jpg,1,0,1,1,0,0,FOOT-AND-MOUTH
foot-and-mouth/DSCN8982.JPG,1,0,1,1,0,0,FOOT-AND-MOUTH
foot-and-mouth/FMD_18_jpg.rf.32856c3cd4cdf460ff90023ce2176f8e.jpg,1,0,1,1,0,0,FOOT-AND-MOUTH
foot-and-mouth/moazx-149-_jpg.rf.7d6c7210d7528f466a570ecddb01dd6e.jpg,1,0,1,1,0,0,FOOT-AND-MOUTH
foot-and-mouth/foot-and-mougth-24-_png_jpg.rf.38f9a12313ced7e652c24daf44646fcb.jpg,1,0,1,1,0,0,FOOT-AND-MOUTH
foot-and-mouth/FMD_21_jpg.rf.3acbbe59b54236dedc1dc1efd57d09b1.jpg,1,0,1,1,0,0,FOOT-AND-MOUTH
foot-and-mouth/FMD__6_jpg.rf.f618b1217360eddc9527eb2547a57abd.jpg,1,0,1,1,0,0,FOOT-AND-MOUTH
foot-and-mouth/pigm 2d-2WM-1.jpg,1,0,1,1,0,0,FOOT-AND-MOUTH
foot-and-mouth/cm2-4-1WM-1.jpg,1,0,1,1,0,0,FOOT-AND-MOUTH
foot-and-mouth/mosap-416-_jpg.rf.be4ba9955b4085f1b8d85e4ac57d1f27.jpg,1,0,1,1,0,0,FOOT-AND-MOUTH
foot-and-mouth/Diseased-dental-pad-14_jpg.rf.5e90f169538f26ab8f326dd0dc9b45f1.jpg,1,0,1,1,0,0,FOOT-AND-MOUTH
foot-and-mouth/pigm 3-4d-2WM-1.jpg,1,0,1,1,0,0,FOOT-AND-MOUTH
foot-and-mouth/mosap-139-_jpg.rf.06cfa4b068bc87d1ae1bcc63c4ee23c3.jpg,1,0,1,1,0,0,FOOT-AND-MOUTH
foot-and-mouth/FMD__4_jpg.rf.3ebe7f5afcb031a332c311f8691b9369.jpg,1,0,1,1,0,0,FOOT-AND-MOUTH
foot-and-mouth/10-day-lesions-steer-tongue_jpg.rf.124032dc3c0402b5e77931480510a213.jpg,1,0,1,1,0,0,FOOT-AND-MOUTH
foot-and-mouth/moazx-129-_jpg.rf.a88d3e1dfdc232cd255b5e1efbd6cb0f.jpg,1,0,1,1,0,0,FOOT-AND-MOUTH
foot-and-mouth/FMD-Knuckles-_33-Copy_jpeg.rf.f8bc77dfb4b224463f72b89763e2d9bc.jpg,1,0,1,1,0,0,FOOT-AND-MOUTH
foot-and-mouth/-55-_jpg.rf.2d82aa672708a68578a5e1d955989a44.jpg,1,0,1,1,0,0,FOOT-AND-MOUTH
foot-and-mouth/Diseased-dental-pad-43_jpg.rf.155d4dbc997fed1576d1547e3fa1fe98.jpg,1,0,1,1,0,0,FOOT-AND-MOUTH
foot-and-mouth/-50-_jpg.rf.dd8523974ad4b4c1e6fefaab15cb859f.jpg,1,0,1,1,0,0,FOOT-AND-MOUTH
foot-and-mouth/moazx-10-_jpg.rf.5884284317b7324920fa8c0c4f6c3404.jpg,1,0,1,1,0,0,FOOT-AND-MOUTH
foot-and-mouth/FMD_4_jpg.rf.1902a88d44f61359badb88bfa162361b.jpg,1,0,1,1,0,0,FOOT-AND-MOUTH
foot-and-mouth/Diseased-foot-5_jpg.rf.f965aaf3ee544a7b4f4431c7c5f637de.jpg,1,0,1,1,0,0,FOOT-AND-MOUTH
foot-and-mouth/mosap-447-_jpg.rf.cb1942fb004444ea7dfc0b711d7248e2.jpg,1,0,1,1,0,0,FOOT-AND-MOUTH
foot-and-mouth/mouth_4-5_days_6WM.jpg,1,0,1,1,0,0,FOOT-AND-MOUTH
foot-and-mouth/mosap-163-_jpg.rf.f0ab85af27186c7d482343d3886c7509.jpg,1,0,1,1,0,0,FOOT-AND-MOUTH
foot-and-mouth/foot-and-mougth-2-_jpeg.rf.f2c9b5f17afdc2e8bfe62ac6559fdcb8.jpg,1,0,1,1,0,0,FOOT-AND-MOUTH
foot-and-mouth/cf 3-4d-1WM-1.jpg,1,0,1,1,0,0,FOOT-AND-MOUTH
foot-and-mouth/FMD-Knuckles-_155_jpeg.rf.09c767669dfde6e4d89320485ad147a4.jpg,1,0,1,1,0,0,FOOT-AND-MOUTH
foot-and-mouth/mosap-151-_jpg.rf.5f4229f14258d27618cf1f58eb001040.jpg,1,0,1,1,0,0,FOOT-AND-MOUTH
foot-and-mouth/IMG_2691WM.jpg,1,0,1,1,0,0,FOOT-AND-MOUTH
foot-and-mouth/moazx-43-_jpg.rf.0f81bff5baed748e828bd2dd1d66df20.jpg,1,0,1,1,0,0,FOOT-AND-MOUTH
foot-and-mouth/8385612573_09b0d5a494_o-622x600_jpg.rf.282bea711e58cf8aaadff513a3a2285f.jpg,1,0,1,1,0,0,FOOT-AND-MOUTH
foot-and-mouth/foot-and-mougth-7-_jpeg.rf.51e605b8244d418b0f99924b9c84eee8.jpg,1,0,1,1,0,0,FOOT-AND-MOUTH
foot-and-mouth/Diseased-dental-pad-10_jpg.rf.c09f9956639c9383acd5fe5cd7649e0a.jpg,1,0,1,1,0,0,FOOT-AND-MOUTH
foot-and-mouth/moazx-35-_jpg.rf.18901469412025ae9aa9688f3e53704e.jpg,1,0,1,1,0,0,FOOT-AND-MOUTH
foot-and-mouth/mouth_4-5_days_2_JMOKWM.jpg,1,0,1,1,0,0,FOOT-AND-MOUTH
foot-and-mouth/img1025.jpg,1,0,1,1,0,0,FOOT-AND-MOUTH
foot-and-mouth/FMD__10_jpg.rf.ec6ef2176d90442edd7f571a1f1ebf67.jpg,1,0,1,1,0,0,FOOT-AND-MOUTH
foot-and-mouth/-11-_jpg.rf.c0738d766686485afec6f2ce4e104526.jpg,1,0,1,1,0,0,FOOT-AND-MOUTH
foot-and-mouth/Diseased-dental-pad-48_jpg.rf.67e56cc9b53b8b3a55ded8ab9cd7181f.jpg,1,0,1,1,0,0,FOOT-AND-MOUTH
foot-and-mouth/FMD_4_jpg.rf.13f5a1681600357180448da7ee520df3.jpg,1,0,1,1,0,0,FOOT-AND-MOUTH
foot-and-mouth/mosap-41-_jpg.rf.f534b4cf860847b0df872bc4a457ec44.jpg,1,0,1,1,0,0,FOOT-AND-MOUTH
foot-and-mouth/FMD-foot-lesions-13_jpg.rf.abb26b8d7043297c0e75bcf8351b4f71.jpg,1,0,1,1,0,0,FOOT-AND-MOUTH
foot-and-mouth/FMD_10_jpg.rf.cd71d0f94e41005228aa0310efe6df9f.jpg,1,0,1,1,0,0,FOOT-AND-MOUTH
foot-and-mouth/-22-_jpg.rf.9e7242469136e509b40735cb1db64d3a.jpg,1,0,1,1,0,0,FOOT-AND-MOUTH
foot-and-mouth/3-Figure6-1_png.rf.a46587f55b886b922f4bec8b1c4df9ce.jpg,1,0,1,1,0,0,FOOT-AND-MOUTH
foot-and-mouth/7-Copy-10-_jpg.rf.4a2b27f628743947a28270ba0be2c9ba.jpg,1,0,1,1,0,0,FOOT-AND-MOUTH
foot-and-mouth/moazx-152-_jpg.rf.5de63d89e11e65ebaaf45e3ba0a30e7c.jpg,1,0,1,1,0,0,FOOT-AND-MOUTH
foot-and-mouth/FMD-Knuckles-_8-Copy_jpeg.rf.0aea6ce7508c368c9d27d0d2a5a2eea6.jpg,1,0,1,1,0,0,FOOT-AND-MOUTH
foot-and-mouth/FMD-Knuckles-_144-Copy_jpeg.rf.8731ac1b8203c1084e09c96c25724cce.jpg,1,0,1,1,0,0,FOOT-AND-MOUTH
foot-and-mouth/Screenshot__-_-_-_-_-_-_-_-_-_-_-_-_-_-_png_jpg.rf.dd5c40eb6a04fd109b61985379dcad9d.jpg,1,0,1,1,0,0,FOOT-AND-MOUTH
foot-and-mouth/moazx-157-_jpg.rf.28b1351aa78ac49e832cb46d8fd4f6bb.jpg,1,0,1,1,0,0,FOOT-AND-MOUTH
foot-and-mouth/SRm 2-3d-1WM-1.jpg,1,0,1,1,0,0,FOOT-AND-MOUTH
foot-and-mouth/Capture1_png.rf.70fbf14ae8ff044f5fada8ec078ed6df.jpg,1,0,1,1,0,0,FOOT-AND-MOUTH
foot-and-mouth/FMD_3_jpg.rf.fee2f0d9f7b5e3f59f9f0de6253e5286.jpg,1,0,1,1,0,0,FOOT-AND-MOUTH
foot-and-mouth/FMD__6_jpg.rf.f3beb55bfde9bfe200da56799eac0639.jpg,1,0,1,1,0,0,FOOT-AND-MOUTH
foot-and-mouth/FMD-Knuckles-_214_jpeg.rf.8e4e82b5fe2e63d67e185c83a975d6ff.jpg,1,0,1,1,0,0,FOOT-AND-MOUTH
foot-and-mouth/-44-_jpg.rf.1cfc846a0b30b28ae87d0ce326117a20.jpg,1,0,1,1,0,0,FOOT-AND-MOUTH
foot-and-mouth/Diseased-dental-pad-1_jpg.rf.af30838a7100af8ed77e0e791033fdb9.jpg,1,0,1,1,0,0,FOOT-AND-MOUTH
foot-and-mouth/mosap-117-_jpg.rf.fc52cb38cd02fa097f3c7127f565709e.jpg,1,0,1,1,0,0,FOOT-AND-MOUTH
foot-and-mouth/15_jpg.rf.0c4dfb2ed31edae315b1272570e30e4f.jpg,1,0,1,1,0,0,FOOT-AND-MOUTH
foot-and-mouth/moazx-17-_jpg.rf.e8017e49baf7508376fd12138382af7b.jpg,1,0,1,1,0,0,FOOT-AND-MOUTH
foot-and-mouth/mouth_1_dayWM.jpg,1,0,1,1,0,0,FOOT-AND-MOUTH
foot-and-mouth/Diseased-dental-pad-35_jpg.rf.0965d17d45cb5f2114fee9d2e96807af.jpg,1,0,1,1,0,0,FOOT-AND-MOUTH
foot-and-mouth/FMD__14_jpg.rf.6cc648ca73b0370583f7cc2c5356ea9f.jpg,1,0,1,1,0,0,FOOT-AND-MOUTH
foot-and-mouth/mosap-71-_jpg.rf.13c1aaa87910c83d7aba1e2b587dfafa.jpg,1,0,1,1,0,0,FOOT-AND-MOUTH
foot-and-mouth/FMD__16_jpg.rf.24c7bfb9a118263b2910fa1fd51252a6.jpg,1,0,1,1,0,0,FOOT-AND-MOUTH
foot-and-mouth/-46-_jpg.rf.232545cdf441b26a2727b71035b9864f.jpg,1,0,1,1,0,0,FOOT-AND-MOUTH
foot-and-mouth/FMD_116_jpg.rf.f87c74e30543605575cf4c2ab0e4d376.jpg,1,0,1,1,0,0,FOOT-AND-MOUTH
foot-and-mouth/FMD__1_jpg.rf.36e50a28a896756596b239cc7b4d5d03.jpg,1,0,1,1,0,0,FOOT-AND-MOUTH
foot-and-mouth/Cows-head-open-mouth-15_jpg.rf.4adcfb7273851af643bafd2d4f269ca6.jpg,1,0,1,1,0,0,FOOT-AND-MOUTH
foot-and-mouth/foot-and-mougth-36-_png_jpg.rf.626bda4378fccce6eb8e623921ef8fef.jpg,1,0,1,1,0,0,FOOT-AND-MOUTH
foot-and-mouth/FMD-Knuckles-_57_jpeg.rf.0d19b8c85bb0dc34a0c97e457f187e2a.jpg,1,0,1,1,0,0,FOOT-AND-MOUTH
foot-and-mouth/-35-_jpg.rf.4f8c3ba5ea6d6f2556730ab1d0b883c8.jpg,1,0,1,1,0,0,FOOT-AND-MOUTH
foot-and-mouth/ct 3-4-2WM-1.jpg,1,0,1,1,0,0,FOOT-AND-MOUTH
foot-and-mouth/mosap-436-_jpg.rf.558f34df8489c7ac37590973308804a4.jpg,1,0,1,1,0,0,FOOT-AND-MOUTH
foot-and-mouth/Diseased-dental-pad-15_jpg.rf.3ee9bdf89acb54d69a8bd49d02899cd7.jpg,1,0,1,1,0,0,FOOT-AND-MOUTH
foot-and-mouth/moazx-18-_jpg.rf.23c378a7203231ab25323b170036a2ca.jpg,1,0,1,1,0,0,FOOT-AND-MOUTH
foot-and-mouth/teats_4-5 daysWM.jpg,1,0,1,1,0,0,FOOT-AND-MOUTH
foot-and-mouth/cow-drooling-from-mouth-and-nose-FMD-600px_jpg.rf.9badff79778af6445c0dede3ab525dab.jpg,1,0,1,1,0,0,FOOT-AND-MOUTH
foot-and-mouth/FMD__15_jpg.rf.abbd5210b67846fd6fead7405c7bd676.jpg,1,0,1,1,0,0,FOOT-AND-MOUTH
foot-and-mouth/mosap-74-_jpg.rf.e2a55c8563666038937b50d198d78e38.jpg,1,0,1,1,0,0,FOOT-AND-MOUTH
foot-and-mouth/FMD_024_jpg.rf.27e724672d5a347279655afca92ddd6d - Copy.jpg,1,0,1,1,0,0,FOOT-AND-MOUTH
foot-and-mouth/mosap-113-_jpg.rf.89e51474cca235dc80b599574998f900.jpg,1,0,1,1,0,0,FOOT-AND-MOUTH
foot-and-mouth/cm2-3WM-1.jpg,1,0,1,1,0,0,FOOT-AND-MOUTH
foot-and-mouth/mosap-414-_jpg.rf.47448d11899c671363652b642c1196f4.jpg,1,0,1,1,0,0,FOOT-AND-MOUTH
foot-and-mouth/FMD_7_jpg.rf.51d9903ea349ac94fdac92448c792bc0.jpg,1,0,1,1,0,0,FOOT-AND-MOUTH
foot-and-mouth/Teats_3-4 daysWM.jpg,1,0,1,1,0,0,FOOT-AND-MOUTH
foot-and-mouth/mosap-137-_jpg.rf.f11c24edf7832a30e762e55f208e0778.jpg,1,0,1,1,0,0,FOOT-AND-MOUTH
foot-and-mouth/Diseased-dental-pad-52_jpg.rf.b9f09aa0e5a6e0610b7fdb7dee89c418.jpg,1,0,1,1,0,0,FOOT-AND-MOUTH
foot-and-mouth/mosap-107-_jpg.rf.b867ca7637b49ef5492013dcb20d6576.jpg,1,0,1,1,0,0,FOOT-AND-MOUTH
foot-and-mouth/FMD_1_jpg.rf.31d9c026f9c3d0d4347faa27d4fd5680.jpg,1,0,1,1,0,0,FOOT-AND-MOUTH
foot-and-mouth/footlesionWM-1.jpg,1,0,1,1,0,0,FOOT-AND-MOUTH
foot-and-mouth/mosap-396-_jpg.rf.06773b04abe513355eecbd1bb6883567.jpg,1,0,1,1,0,0,FOOT-AND-MOUTH
foot-and-mouth/mosap-358-_jpg.rf.1f82fe14ac8417aeb66c6cf023a43f7d.jpg,1,0,1,1,0,0,FOOT-AND-MOUTH
foot-and-mouth/FMD__6_jpg.rf.3d511717fe196f262ffe146b98557722.jpg,1,0,1,1,0,0,FOOT-AND-MOUTH
foot-and-mouth/moazx-37-_jpg.rf.06f08e305d6f8798b3ebf17e2284e093.jpg,1,0,1,1,0,0,FOOT-AND-MOUTH
foot-and-mouth/mosap-145-_jpg.rf.86c86384986a8f7c03b518b10eb2abd0.jpg,1,0,1,1,0,0,FOOT-AND-MOUTH
foot-and-mouth/mosap-158-_jpg.rf.a3149e0178c352db3ebd65669333ad5e.jpg,1,0,1,1,0,0,FOOT-AND-MOUTH
foot-and-mouth/FMD-Knuckles-_41-Copy_jpeg.rf.58042bb1462d3f09371ebf6ec19eca08.jpg,1,0,1,1,0,0,FOOT-AND-MOUTH
foot-and-mouth/moazx-100-_jpg.rf.c870bb39f92f37265020c9fda7bbceef.jpg,1,0,1,1,0,0,FOOT-AND-MOUTH
foot-and-mouth/Screenshot__-_-_-_-_-_-_-_-_-_-_-_-_-_-2_png_jpg.rf.ed1730e2cb886d075645ae0587183d69.jpg,1,0,1,1,0,0,FOOT-AND-MOUTH
foot-and-mouth/foot-and-mougth-19-_jpg.rf.39fc7f7950da22e03dd8557aa5828909.jpg,1,0,1,1,0,0,FOOT-AND-MOUTH
foot-and-mouth/mosap-372-_jpg.rf.5d8cb4e3678c3509edf27d786a949f5d.jpg,1,0,1,1,0,0,FOOT-AND-MOUTH
foot-and-mouth/FMD-Knuckles-_43-Copy_jpeg.rf.bf5277a8092f2021137c0fc93b88fa9b.jpg,1,0,1,1,0,0,FOOT-AND-MOUTH
foot-and-mouth/Teats_4-6_daysWM.jpg,1,0,1,1,0,0,FOOT-AND-MOUTH
foot-and-mouth/moazx-102-_jpg.rf.21accd0bc61ddda8e087cf08d31a3444.jpg,1,0,1,1,0,0,FOOT-AND-MOUTH
foot-and-mouth/FMD-Knuckles-_183_jpeg.rf.8716e58777da89cb517b31e275868c1a.jpg,1,0,1,1,0,0,FOOT-AND-MOUTH
foot-and-mouth/pigf 10d-2WM-1.jpg,1,0,1,1,0,0,FOOT-AND-MOUTH
foot-and-mouth/cmo7-10-1WM.jpg,1,0,1,1,0,0,FOOT-AND-MOUTH
foot-and-mouth/FMD__5_jpg.rf.d8d47f461fd207901d742de0a52e14ea.jpg,1,0,1,1,0,0,FOOT-AND-MOUTH
foot-and-mouth/cm3-4-1WM-1.jpg,1,0,1,1,0,0,FOOT-AND-MOUTH
foot-and-mouth/mosap-134-_jpg.rf.e546fae68a7392a82dac6f52e32fc13f.jpg,1,0,1,1,0,0,FOOT-AND-MOUTH
foot-and-mouth/FMD_107_jpg.rf.b8570c957da891818e0a41d80e9252ea.jpg,1,0,1,1,0,0,FOOT-AND-MOUTH
foot-and-mouth/FMD_7_jpg.rf.7b0044b9f0756d9c48e31f3ad02ceaa9.jpg,1,0,1,1,0,0,FOOT-AND-MOUTH
foot-and-mouth/moazx-21-_jpg.rf.ba0d3f039fc1ca0f28cf6d34077a0063.jpg,1,0,1,1,0,0,FOOT-AND-MOUTH
foot-and-mouth/FMD_40_jpg.rf.5aa39b71b0b0c73b039c0186bf35c62e.jpg,1,0,1,1,0,0,FOOT-AND-MOUTH
foot-and-mouth/8386722892_1faa1e77fd_bWM-1.jpg,1,0,1,1,0,0,FOOT-AND-MOUTH
foot-and-mouth/FMD_23_jpg.rf.d4506f080c63887651de44967851ac0e.jpg,1,0,1,1,0,0,FOOT-AND-MOUTH
foot-and-mouth/tongue_4-5_daysWM.jpg,1,0,1,1,0,0,FOOT-AND-MOUTH
foot-and-mouth/FMD__5_jpg.rf.18b5d34d16ed49cb86dc50af47d3cee8.jpg,1,0,1,1,0,0,FOOT-AND-MOUTH
foot-and-mouth/moazx-24-_jpg.rf.336c1b9239e1df87b01c20b2c8f61c00.jpg,1,0,1,1,0,0,FOOT-AND-MOUTH
foot-and-mouth/-8-_jpg.rf.b490d0ab7c7062cd8c399fb8d51c8ab1.jpg,1,0,1,1,0,0,FOOT-AND-MOUTH
foot-and-mouth/mosap-360-_jpg.rf.05b16b16255ec9c6efde09239b42e397.jpg,1,0,1,1,0,0,FOOT-AND-MOUTH
foot-and-mouth/FMD_121_jpg.rf.6dc3f68d3536efd43fe6e649923bf859.jpg,1,0,1,1,0,0,FOOT-AND-MOUTH
foot-and-mouth/Diseased-foot-15_jpg.rf.6c2a03a5491e2492b4ee4e9936782e2b.jpg,1,0,1,1,0,0,FOOT-AND-MOUTH
foot-and-mouth/FMD-bov-mouth-2-Copy-10-_jpg.rf.58f303588be0dbdc905eb1dfd29281df.jpg,1,0,1,1,0,0,FOOT-AND-MOUTH
foot-and-mouth/cm 10-1WM-1.jpg,1,0,1,1,0,0,FOOT-AND-MOUTH
foot-and-mouth/moazx-135-_jpg.rf.0d84cc738a8de3414a8dd52b1b63a686.jpg,1,0,1,1,0,0,FOOT-AND-MOUTH
foot-and-mouth/FMD-Knuckles-_7-Copy_jpeg.rf.1df23e54b2e811276749502dc5d1ba9f.jpg,1,0,1,1,0,0,FOOT-AND-MOUTH
foot-and-mouth/pigfoot2WM-1.jpg,1,0,1,1,0,0,FOOT-AND-MOUTH
foot-and-mouth/-60-_jpg.rf.c6c0845307009ecfb8ca656e33ee819c.jpg,1,0,1,1,0,0,FOOT-AND-MOUTH
foot-and-mouth/FMD-Knuckles-_53-Copy_jpeg.rf.a2ab4ce5cb80267879355caa72979699.jpg,1,0,1,1,0,0,FOOT-AND-MOUTH
foot-and-mouth/foot-and-mougth-18-_jpeg.rf.4ec672b67749462655e928b28002ac32.jpg,1,0,1,1,0,0,FOOT-AND-MOUTH
foot-and-mouth/FMD_11_jpg.rf.746c86a20217d92273f1af2562d29b9e.jpg,1,0,1,1,0,0,FOOT-AND-MOUTH
foot-and-mouth/mosap-112-_jpg.rf.be2c3c2c89f43b8846a4be7025cfec8b.jpg,1,0,1,1,0,0,FOOT-AND-MOUTH
foot-and-mouth/ct 3-4-1WM-1.jpg,1,0,1,1,0,0,FOOT-AND-MOUTH
foot-and-mouth/mouth_2-3_days_2JMOKWM.jpg,1,0,1,1,0,0,FOOT-AND-MOUTH
foot-and-mouth/moazx-109-_jpg.rf.91b97e392901d71428778d26fca3745d.jpg,1,0,1,1,0,0,FOOT-AND-MOUTH
foot-and-mouth/foot-and-mougth-12-_jpeg.rf.f0880bb53a0eb3bb4b0f8816bc4f1686.jpg,1,0,1,1,0,0,FOOT-AND-MOUTH
foot-and-mouth/FMD_7_jpg.rf.4bb02adf25a1b08b12cff384c1ac8d91.jpg,1,0,1,1,0,0,FOOT-AND-MOUTH
foot-and-mouth/fmd-01_0_jpg.rf.9903d29cf80d0aa43ffa6117602e7660.jpg,1,0,1,1,0,0,FOOT-AND-MOUTH
foot-and-mouth/mosap-16-_jpg.rf.b7d486bd1b4fab2d8fdee8d6e38289d6.jpg,1,0,1,1,0,0,FOOT-AND-MOUTH
foot-and-mouth/-33-_jpg.rf.40846681f33019bb2ce036dcb06e24fd.jpg,1,0,1,1,0,0,FOOT-AND-MOUTH
foot-and-mouth/mosap-121-_jpg.rf.23c6ed38bf78a275a6ff0485b4263c8c.jpg,1,0,1,1,0,0,FOOT-AND-MOUTH
foot-and-mouth/FMD_093_jpg.rf.4fbad85abcba8928c5e2170555aba105.jpg,1,0,1,1,0,0,FOOT-AND-MOUTH
foot-and-mouth/FMD-cattle-15-Copy-10-_jpg.rf.8ea6830a3288b2b33bfe43a6d1be57bd.jpg,1,0,1,1,0,0,FOOT-AND-MOUTH
foot-and-mouth/mosap-109-_jpg.rf.345c72ad13c4ade98f7a2eff78ebf016.jpg,1,0,1,1,0,0,FOOT-AND-MOUTH
foot-and-mouth/FMD_2_jpg.rf.1d860e79662ad42a3bfa598085b55749.jpg,1,0,1,1,0,0,FOOT-AND-MOUTH
foot-and-mouth/mosap-133-_jpg.rf.087f424cf1a29a6d53d4fce8492feca2.jpg,1,0,1,1,0,0,FOOT-AND-MOUTH
foot-and-mouth/mosap-437-_jpg.rf.575a3e71e205e2a8c250ffc38c64a683.jpg,1,0,1,1,0,0,FOOT-AND-MOUTH
foot-and-mouth/FMD_005_jpg.rf.a607ab26c23a39659b417becbb86d144.jpg,1,0,1,1,0,0,FOOT-AND-MOUTH
foot-and-mouth/moazx-14-_jpg.rf.6cff40f26910dbf30678e66d2a0f5ae5.jpg,1,0,1,1,0,0,FOOT-AND-MOUTH
foot-and-mouth/4-day-lesions-steer-tongue-and-gum-_jpg.rf.729c255aa5151999a0b2c1c235e5c7e7.jpg,1,0,1,1,0,0,FOOT-AND-MOUTH
foot-and-mouth/moazx-154-_jpg.rf.42314e7c4c6696d91b39419a773c87b2.jpg,1,0,1,1,0,0,FOOT-AND-MOUTH
foot-and-mouth/-53-_jpg.rf.058bd227e1ca8c839425bd8e42bdeea8.jpg,1,0,1,1,0,0,FOOT-AND-MOUTH
foot-and-mouth/moazx-25-_jpg.rf.9081b1bb7c0bb182ded04bc9c5f10f46.jpg,1,0,1,1,0,0,FOOT-AND-MOUTH
foot-and-mouth/FMD_22_jpg.rf.0a249c2451a8767460070a0d7621743b.jpg,1,0,1,1,0,0,FOOT-AND-MOUTH
foot-and-mouth/mosap-24-_jpg.rf.9ad6c2f42585aa91b18986899ca928fc.jpg,1,0,1,1,0,0,FOOT-AND-MOUTH
foot-and-mouth/FMD-Knuckles-_64-Copy_jpeg.rf.117a77252cd52b1bb5b67f6465d5aa4f.jpg,1,0,1,1,0,0,FOOT-AND-MOUTH
foot-and-mouth/moazx-29-_jpg.rf.a36edc63c60ee1c8aedc1792f372759e.jpg,1,0,1,1,0,0,FOOT-AND-MOUTH
foot-and-mouth/Diseased-dental-pad-13_jpg.rf.fa38106adfb83382792814e236ee52cf.jpg,1,0,1,1,0,0,FOOT-AND-MOUTH
foot-and-mouth/cm5-7-1WM-1.jpg,1,0,1,1,0,0,FOOT-AND-MOUTH
foot-and-mouth/Mouth_4-5_days_3WM.jpg,1,0,1,1,0,0,FOOT-AND-MOUTH
foot-and-mouth/FMD-cattle-8-Copy-10-_jpg.rf.710efa2bd8ceace0f4c72a5ed89675a9.jpg,1,0,1,1,0,0,FOOT-AND-MOUTH
foot-and-mouth/FMD_011_jpg.rf.1c86a2ffac55100bdd1335975abcb0e5.jpg,1,0,1,1,0,0,FOOT-AND-MOUTH
foot-and-mouth/mosap-147-_jpg.rf.e4e87c1e76dbf04b745b5bd83c8c61dc.jpg,1,0,1,1,0,0,FOOT-AND-MOUTH
foot-and-mouth/FMD_041_jpg.rf.b541132b95a8f052457bd5725e3463b6.jpg,1,0,1,1,0,0,FOOT-AND-MOUTH
foot-and-mouth/pigf 10d-6WM-1.jpg,1,0,1,1,0,0,FOOT-AND-MOUTH
foot-and-mouth/mosap-152-_jpg.rf.dc47d2b25fa365cc4e6c7b9d5cf74f5e.jpg,1,0,1,1,0,0,FOOT-AND-MOUTH
foot-and-mouth/foot-and-mougth-13-_png_jpg.rf.a6fd06353c6acdb98cb9c9a5fdcddbaf.jpg,1,0,1,1,0,0,FOOT-AND-MOUTH
foot-and-mouth/pigm 3-4d-1WM-1.jpg,1,0,1,1,0,0,FOOT-AND-MOUTH
foot-and-mouth/mosap-66-_jpg.rf.4ea0f03058ede6ff236b76930fae5c7f.jpg,1,0,1,1,0,0,FOOT-AND-MOUTH
foot-and-mouth/-36-_jpg.rf.60353088fc0be413aa3d83b926d6ecb0.jpg,1,0,1,1,0,0,FOOT-AND-MOUTH
foot-and-mouth/-30-_jpg.rf.46fe7725df311ae1ccaad2283e2b9fcf.jpg,1,0,1,1,0,0,FOOT-AND-MOUTH
foot-and-mouth/moazx-317-_jpg.rf.463921b28cd4a1084b580df315dd9a04.jpg,1,0,1,1,0,0,FOOT-AND-MOUTH
foot-and-mouth/foot-and-mougth-16-_jpg.rf.bfa18c1b40df9b42dee512556ed408d1.jpg,1,0,1,1,0,0,FOOT-AND-MOUTH
foot-and-mouth/mosap-367-_jpg.rf.db661b5a4954eac12889ec90ffa1fa1a.jpg,1,0,1,1,0,0,FOOT-AND-MOUTH
foot-and-mouth/moazx-7-_jpg.rf.8611b59c032a5b6841d5888bd7d55982.jpg,1,0,1,1,0,0,FOOT-AND-MOUTH
foot-and-mouth/mosap-72-_jpg.rf.cb006fc06c796b30d72e3a2556a66aeb.jpg,1,0,1,1,0,0,FOOT-AND-MOUTH
foot-and-mouth/mosap-422-_jpg.rf.55008fd24dd5a90435f54f1996548517.jpg,1,0,1,1,0,0,FOOT-AND-MOUTH
foot-and-mouth/FMD_012_jpg.rf.8f8589771189c93edc1807d1bd2a2894.jpg,1,0,1,1,0,0,FOOT-AND-MOUTH
foot-and-mouth/450px-Foot_and_mouth_disease_in_mouth_jpg.rf.275adc3f09b5fb4d750b7022518c26c6.jpg,1,0,1,1,0,0,FOOT-AND-MOUTH
foot-and-mouth/moazx-36-_jpg.rf.94768fb400eedee42c7d32f729c55a23.jpg,1,0,1,1,0,0,FOOT-AND-MOUTH
foot-and-mouth/FMD-Knuckles-_54-Copy_jpeg.rf.99ae59840ac60a16331a3077ed782973.jpg,1,0,1,1,0,0,FOOT-AND-MOUTH
foot-and-mouth/mosap-154-_jpg.rf.cd264498097582176af590863d342459.jpg,1,0,1,1,0,0,FOOT-AND-MOUTH
foot-and-mouth/moazx-39-_jpg.rf.2e381e5e3c345802559ad98e314aa3ed.jpg,1,0,1,1,0,0,FOOT-AND-MOUTH
foot-and-mouth/foot-and-mougth-5-_png_jpg.rf.9750ef1a7d1c6067e6dfe64bdcd6a977.jpg,1,0,1,1,0,0,FOOT-AND-MOUTH
foot-and-mouth/moazx-126-_jpg.rf.c2a24befd769268bdec07ed6ea2db5ab.jpg,1,0,1,1,0,0,FOOT-AND-MOUTH
foot-and-mouth/FMD__10_jpg.rf.fce89baf50f657d06ddf1675586ee92b.jpg,1,0,1,1,0,0,FOOT-AND-MOUTH
foot-and-mouth/foot-and-mougth-3-_png.rf.d4472253c800436d01eaca33524b2148.jpg,1,0,1,1,0,0,FOOT-AND-MOUTH
foot-and-mouth/foot-and-mougth-28-_jpg.rf.7acaccf2beaf502fb70835aa5dc97980.jpg,1,0,1,1,0,0,FOOT-AND-MOUTH
foot-and-mouth/mosap-144-_jpg.rf.bc15eacd2ca54437f04f8a2980f42cbd.jpg,1,0,1,1,0,0,FOOT-AND-MOUTH
foot-and-mouth/-58-_jpg.rf.4a18f91b2cd51ea5bcdd9efe9b6c61ab.jpg,1,0,1,1,0,0,FOOT-AND-MOUTH
foot-and-mouth/FMD__7_jpg.rf.5f61ff9a9357677c0a9439ccfc2efe50.jpg,1,0,1,1,0,0,FOOT-AND-MOUTH
foot-and-mouth/mosap-84-_jpg.rf.532e7fb88044dab552196b43ef58254c.jpg,1,0,1,1,0,0,FOOT-AND-MOUTH
foot-and-mouth/moazx-146-_jpg.rf.5ddf9a8aaedab40e6dee34551f27baa2.jpg,1,0,1,1,0,0,FOOT-AND-MOUTH
foot-and-mouth/5198047901_73ee826532_bWM.jpg,1,0,1,1,0,0,FOOT-AND-MOUTH
foot-and-mouth/footlesion2WM-1.jpg,1,0,1,1,0,0,FOOT-AND-MOUTH
foot-and-mouth/mosap-374-_jpg.rf.f50f9b729db852a650f84334dde34383.jpg,1,0,1,1,0,0,FOOT-AND-MOUTH
foot-and-mouth/ct 1-1 (1)WM-1.jpg,1,0,1,1,0,0,FOOT-AND-MOUTH
foot-and-mouth/FMD_7_jpg.rf.f4ca6e7de4e17015f8e99ea8ba6157e2.jpg,1,0,1,1,0,0,FOOT-AND-MOUTH
foot-and-mouth/FMD-Knuckles-_48-Copy_jpeg.rf.8120ad7a99c9b3aa9c597f73cef43d01.jpg,1,0,1,1,0,0,FOOT-AND-MOUTH
foot-and-mouth/mosap-428-_jpg.rf.da1f41e7622c799f1229d3dc30486349.jpg,1,0,1,1,0,0,FOOT-AND-MOUTH
foot-and-mouth/Cows-head-open-mouth-13_jpg.rf.cff4b3b32f1112df268370430ab08ebf.jpg,1,0,1,1,0,0,FOOT-AND-MOUTH
foot-and-mouth/foot-and-mougth-21-_jpg.rf.cffe93aefedf480b7efc9a2359f668b2.jpg,1,0,1,1,0,0,FOOT-AND-MOUTH
foot-and-mouth/mosap-76-_jpg.rf.094dc74292b0656a0a11ff7cba937396.jpg,1,0,1,1,0,0,FOOT-AND-MOUTH
foot-and-mouth/mosap-162-_jpg.rf.a6b1b94ada50187e914603fca09ad453.jpg,1,0,1,1,0,0,FOOT-AND-MOUTH
foot-and-mouth/FMD_12_jpg.rf.ebcd761b20d5a2c9317b0bb1cb67b70e.jpg,1,0,1,1,0,0,FOOT-AND-MOUTH
foot-and-mouth/mosap-73-_jpg.rf.1c629215c5764e8aa0141e4ffac1d5ac.jpg,1,0,1,1,0,0,FOOT-AND-MOUTH
foot-and-mouth/moazx-120-_jpg.rf.ca8098af004b68da0d6d7bce74200c66.jpg,1,0,1,1,0,0,FOOT-AND-MOUTH
foot-and-mouth/FMD_29_jpg.rf.a1ad0d1c4a80d941079787d1e7d7fdd6.jpg,1,0,1,1,0,0,FOOT-AND-MOUTH
foot-and-mouth/mosap-138-_jpg.rf.2b365ff59155d3562fea958d1763237c.jpg,1,0,1,1,0,0,FOOT-AND-MOUTH
foot-and-mouth/mosap-126-_jpg.rf.9104554fb20d06f4e7e3f9b626854b07.jpg,1,0,1,1,0,0,FOOT-AND-MOUTH
foot-and-mouth/FMD_23_jpg.rf.37f8a64244cd049572585a208d6c34f7.jpg,1,0,1,1,0,0,FOOT-AND-MOUTH
foot-and-mouth/mosap-153-_jpg.rf.b392fbc52855eb63db63dbff5b112bbe.jpg,1,0,1,1,0,0,FOOT-AND-MOUTH
foot-and-mouth/foot-and-mougth-11-_jpg.rf.855849d23be9bb2089ca9274a413297e.jpg,1,0,1,1,0,0,FOOT-AND-MOUTH
foot-and-mouth/mosap-157-_jpg.rf.5414019aaf1c91916a25083066e9db1b.jpg,1,0,1,1,0,0,FOOT-AND-MOUTH
foot-and-mouth/Diseased-dental-pad-32_jpg.rf.237d8e030fd1ba04ec5604912d653314.jpg,1,0,1,1,0,0,FOOT-AND-MOUTH
foot-and-mouth/FMD__3_jpg.rf.164b9ac14d8ca29ec6094577f36ad0f8.jpg,1,0,1,1,0,0,FOOT-AND-MOUTH
foot-and-mouth/FMD__6_jpg.rf.84ee7b82c330f0e3d80251fc92721d4a.jpg,1,0,1,1,0,0,FOOT-AND-MOUTH
foot-and-mouth/foot-and-mougth-26-_jpg.rf.01ef0f1584fe4557e7b0beaa5930b870.jpg,1,0,1,1,0,0,FOOT-AND-MOUTH
foot-and-mouth/pigm 0-1d-1WM-1.jpg,1,0,1,1,0,0,FOOT-AND-MOUTH
foot-and-mouth/mouth_4-5_days_4WM.jpg,1,0,1,1,0,0,FOOT-AND-MOUTH
foot-and-mouth/mosap-1-_jpg.rf.ee3c75470561d19be30867e7bb265e49.jpg,1,0,1,1,0,0,FOOT-AND-MOUTH
foot-and-mouth/-23-_jpg.rf.99abd59b00f85ee22dd4ed4f89589a68.jpg,1,0,1,1,0,0,FOOT-AND-MOUTH
foot-and-mouth/foot-and-mougth-17-_jpeg.rf.0b5f147c70f94a8b30d303116584b5a8.jpg,1,0,1,1,0,0,FOOT-AND-MOUTH
foot-and-mouth/moazx-141-_jpg.rf.dc4b28d35580038495cecdde7dee6d8c.jpg,1,0,1,1,0,0,FOOT-AND-MOUTH
foot-and-mouth/FMD_36_jpg.rf.7a631411f21c8e0496cd5b733fd59703.jpg,1,0,1,1,0,0,FOOT-AND-MOUTH
foot-and-mouth/moazx-144-_jpg.rf.25dca79d7a069fbc68b3e98364159ce1.jpg,1,0,1,1,0,0,FOOT-AND-MOUTH
foot-and-mouth/mosap-149-_jpg.rf.100a01011c11fd5e9d9e6ce0f360a625.jpg,1,0,1,1,0,0,FOOT-AND-MOUTH
foot-and-mouth/FMD_39_jpg.rf.15c31926bd8a5e7399164d435cab8423.jpg,1,0,1,1,0,0,FOOT-AND-MOUTH
foot-and-mouth/moazx-119-_jpg.rf.5a6d5536f808583d0ff924f8bcb03827.jpg,1,0,1,1,0,0,FOOT-AND-MOUTH
foot-and-mouth/moazx-155-_jpg.rf.39814b00cc9dd9e89ec5ba91f36575c9.jpg,1,0,1,1,0,0,FOOT-AND-MOUTH
foot-and-mouth/Diseased-gum-1_jpg.rf.a48e3084f20fa31c777ce653176dd116.jpg,1,0,1,1,0,0,FOOT-AND-MOUTH
foot-and-mouth/-7-_jpg.rf.8d9bbfe47b24353fa10a1b9e50b3398a.jpg,1,0,1,1,0,0,FOOT-AND-MOUTH
foot-and-mouth/moazx-322-_jpg.rf.d05413b1e8bde3bc41fc369c0c45ef45.jpg,1,0,1,1,0,0,FOOT-AND-MOUTH
foot-and-mouth/mosap-30-_jpg.rf.3b75fb1904909d256158d07f84c9a52d.jpg,1,0,1,1,0,0,FOOT-AND-MOUTH
healthy/imgs500.jpg,0,0,0,0,0,0,HEALTHY
healthy/imgs416.jpg,0,0,0,0,0,0,HEALTHY
healthy/Normal_Skin_568-resized.jpg,0,0,0,0,0,0,HEALTHY
healthy/imgs191.jpg,0,0,0,0,0,0,HEALTHY
healthy/Jerseycattle148.jpg,0,0,0,0,0,0,HEALTHY
healthy/BrownSwisscattle109.jpg,0,0,0,0,0,0,HEALTHY
healthy/imgs199.jpg,0,0,0,0,0,0,HEALTHY
healthy/BrownSwisscattle9.jpg,0,0,0,0,0,0,HEALTHY
healthy/imgs092.jpg,0,0,0,0,0,0,HEALTHY
healthy/BrownSwisscattle72_c.jpg,0,0,0,0,0,0,HEALTHY
healthy/imgs391(1).jpg,0,0,0,0,0,0,HEALTHY
healthy/imgs281.jpg,0,0,0,0,0,0,HEALTHY
healthy/imgs369.jpg,0,0,0,0,0,0,HEALTHY
healthy/sapi_v_8.jpg,0,0,0,0,0,0,HEALTHY
healthy/imgs392(1).jpg,0,0,0,0,0,0,HEALTHY
healthy/Normal_Skin_594-resized.jpg,0,0,0,0,0,0,HEALTHY
healthy/imgs186.jpg,0,0,0,0,0,0,HEALTHY
healthy/imgs326.jpg,0,0,0,0,0,0,HEALTHY
healthy/Ayrshirecattle119.jpg,0,0,0,0,0,0,HEALTHY
healthy/BB01022024171527_front-png_jpg.rf.6f4c5f89d549e78a2e5b881d412dbed7.jpg,0,0,0,0,0,0,HEALTHY
healthy/HolsteinFriesiancattle69_c.jpg,0,0,0,0,0,0,HEALTHY
healthy/Non-diseased-muzzle-6_jpg.rf.5720b47ce290a857129e610209033529.jpg,0,0,0,0,0,0,HEALTHY
healthy/RedDanecattle48.jpg,0,0,0,0,0,0,HEALTHY
healthy/Jerseycattle56.jpg,0,0,0,0,0,0,HEALTHY
healthy/temp_file_1700807012161_jpeg_jpg.rf.91b8a8772fafbca6caf8d75dda17a3b9.jpg,0,0,0,0,0,0,HEALTHY
healthy/imgs287.jpg,0,0,0,0,0,0,HEALTHY
healthy/Normal_Skin_22_png.rf.9247d2b79d717bff55504e0e8ca39084.jpg,0,0,0,0,0,0,HEALTHY
healthy/imgs156.jpg,0,0,0,0,0,0,HEALTHY
healthy/Normal_Skin_27_png.rf.be2c3616f1fe148c75cdafc16c168b63.jpg,0,0,0,0,0,0,HEALTHY
healthy/imgs005.jpg,0,0,0,0,0,0,HEALTHY
healthy/Non-diseased-muzzle-29_jpg.rf.b70a968e0eb4ff167fc57d4cde411f1b.jpg,0,0,0,0,0,0,HEALTHY
healthy/imgs141.jpg,0,0,0,0,0,0,HEALTHY
healthy/Non-diseased-muzzle-9-with-tongue_jpg.rf.93a150d8aa36ef4bd2cf9ac9ca0eb687.jpg,0,0,0,0,0,0,HEALTHY
healthy/Jerseycattle30.jpg,0,0,0,0,0,0,HEALTHY
healthy/imgs248.jpg,0,0,0,0,0,0,HEALTHY
healthy/BrownSwisscattle132.jpg,0,0,0,0,0,0,HEALTHY
healthy/Non-diseased-muzzle-40-with-tongue_jpg.rf.576136cbcdc0606ffa4fbefca2b4365c.jpg,0,0,0,0,0,0,HEALTHY
healthy/Non-diseased-muzzle-21_jpg.rf.55edb87e071732d2f45c05acc87f9de7.jpg,0,0,0,0,0,0,HEALTHY
healthy/BrownSwisscattle67.jpg,0,0,0,0,0,0,HEALTHY
healthy/sapi_a1_5.jpg,0,0,0,0,0,0,HEALTHY
healthy/Non-diseased-muzzle-14-with-tongue_jpg.rf.9b456abe9bc24bec853762126c31669d.jpg,0,0,0,0,0,0,HEALTHY
healthy/imgs352.jpg,0,0,0,0,0,0,HEALTHY
healthy/imgs217.jpg,0,0,0,0,0,0,HEALTHY
healthy/Ayrshirecattle27_c.jpg,0,0,0,0,0,0,HEALTHY
healthy/BrownSwisscattle15.jpg,0,0,0,0,0,0,HEALTHY
healthy/imgs338.jpg,0,0,0,0,0,0,HEALTHY
healthy/Ayrshirecattle54.jpg,0,0,0,0,0,0,HEALTHY
healthy/BrownSwisscattle1.jpg,0,0,0,0,0,0,HEALTHY
healthy/BrownSwisscattle107.jpg,0,0,0,0,0,0,HEALTHY
healthy/HolsteinFriesiancattle63_c.jpg,0,0,0,0,0,0,HEALTHY
healthy/imgs185.jpg,0,0,0,0,0,0,HEALTHY
healthy/Non-diseased-muzzle-11-with-tongue_jpg.rf.a2ac4d4a9be57713919dc65b3dcbefdf.jpg,0,0,0,0,0,0,HEALTHY
healthy/imgs460.jpg,0,0,0,0,0,0,HEALTHY
healthy/HolsteinFriesiancattle73.jpg,0,0,0,0,0,0,HEALTHY
healthy/BB20012024131939_right_png_jpeg_jpg.rf.cf8ba7946411648cd42ecd092a2fd4d5.jpg,0,0,0,0,0,0,HEALTHY
healthy/Jerseycattle81.jpg,0,0,0,0,0,0,HEALTHY
healthy/BB20012024144744_left_png_jpeg_jpg.rf.980a97318f58f2e45bc567bb76dbe85b.jpg,0,0,0,0,0,0,HEALTHY
healthy/Non-diseased-muzzle-3_jpeg.rf.64740429bd122800a5d6a26adaa371de.jpg,0,0,0,0,0,0,HEALTHY
healthy/Non-diseased-muzzle-28-with-tongue_jpg.rf.52320bf3a5a567f7d99615dc6d66c43b.jpg,0,0,0,0,0,0,HEALTHY
healthy/RedDanecattle57.jpg,0,0,0,0,0,0,HEALTHY
healthy/imgs078.jpg,0,0,0,0,0,0,HEALTHY
healthy/imgs299.jpg,0,0,0,0,0,0,HEALTHY
healthy/Ayrshirecattle118.jpg,0,0,0,0,0,0,HEALTHY
healthy/imgs161.jpg,0,0,0,0,0,0,HEALTHY
healthy/imgs214.jpg,0,0,0,0,0,0,HEALTHY
healthy/Ayrshirecattle55.jpg,0,0,0,0,0,0,HEALTHY
healthy/Ayrshirecattle34.jpg,0,0,0,0,0,0,HEALTHY
healthy/RedDanecattle70.jpg,0,0,0,0,0,0,HEALTHY
healthy/imgs455.jpg,0,0,0,0,0,0,HEALTHY
healthy/Non-diseased-muzzle-29_jpg.rf.80dd72645f6234b9909c934439aa5f1c.jpg,0,0,0,0,0,0,HEALTHY
healthy/Normal_Skin_562-resized.jpg,0,0,0,0,0,0,HEALTHY
healthy/BrownSwisscattle31.jpg,0,0,0,0,0,0,HEALTHY
healthy/imgs357.jpg,0,0,0,0,0,0,HEALTHY
healthy/imgs362.jpg,0,0,0,0,0,0,HEALTHY
healthy/imgs295.jpg,0,0,0,0,0,0,HEALTHY
healthy/BrownSwisscattle38.jpg,0,0,0,0,0,0,HEALTHY
healthy/imgs097.jpg,0,0,0,0,0,0,HEALTHY
healthy/RedDanecattle62.jpg,0,0,0,0,0,0,HEALTHY
healthy/imgs457.jpg,0,0,0,0,0,0,HEALTHY
healthy/sapi_b_1.jpg,0,0,0,0,0,0,HEALTHY
healthy/Ayrshirecattle124.jpg,0,0,0,0,0,0,HEALTHY
healthy/Normal_Skin_253_png.rf.ef60d7a901757fbd5e866b029c3b74d7.jpg,0,0,0,0,0,0,HEALTHY
healthy/healthymouth_65_jpg.rf.6408273e281ee16f24b1e305de172a47.jpg,0,0,0,0,0,0,HEALTHY
healthy/Non-diseased-muzzle-46-with-tongue_jpg.rf.ddb35e0696b97ef96b75a79b8cdf0e80.jpg,0,0,0,0,0,0,HEALTHY
healthy/HolsteinFriesiancattle149.jpg,0,0,0,0,0,0,HEALTHY
healthy/imgs109.jpg,0,0,0,0,0,0,HEALTHY
healthy/Normal_Skin_32_png.rf.105c6f5d10ce89c611adfc006f0d4d92.jpg,0,0,0,0,0,0,HEALTHY
healthy/HolsteinFriesiancattle116.jpg,0,0,0,0,0,0,HEALTHY
healthy/HolsteinFriesiancattle6.jpg,0,0,0,0,0,0,HEALTHY
healthy/imgs256.jpg,0,0,0,0,0,0,HEALTHY
healthy/Ayrshirecattle145.jpg,0,0,0,0,0,0,HEALTHY
healthy/imgs396(1).jpg,0,0,0,0,0,0,HEALTHY
healthy/Normal_Skin_215_png.rf.8039277bcac9ad2d66f3b4e9d4ad8471.jpg,0,0,0,0,0,0,HEALTHY
healthy/imgs479.jpg,0,0,0,0,0,0,HEALTHY
healthy/Non-diseased-muzzle-36-with-tongue_jpg.rf.37fcb7fa08dc7a23209b0cf739cb0a5b.jpg,0,0,0,0,0,0,HEALTHY
healthy/imgs309.jpg,0,0,0,0,0,0,HEALTHY
healthy/sapi_u_1.jpg,0,0,0,0,0,0,HEALTHY
healthy/BB01022024174914_front-png_jpg.rf.9d9486fb70d1c6a6bb16f105586ef245.jpg,0,0,0,0,0,0,HEALTHY
healthy/sapi_m_02.jpg,0,0,0,0,0,0,HEALTHY
healthy/imgs163.jpg,0,0,0,0,0,0,HEALTHY
healthy/BrownSwisscattle138.jpg,0,0,0,0,0,0,HEALTHY
healthy/imgs340.jpg,0,0,0,0,0,0,HEALTHY
healthy/Normal_Skin_586-resized.jpg,0,0,0,0,0,0,HEALTHY
healthy/imgs139.jpg,0,0,0,0,0,0,HEALTHY
healthy/imgs235.jpg,0,0,0,0,0,0,HEALTHY
healthy/Ayrshirecattle17.jpg,0,0,0,0,0,0,HEALTHY
healthy/imgs475.jpg,0,0,0,0,0,0,HEALTHY
healthy/HolsteinFriesiancattle93.jpg,0,0,0,0,0,0,HEALTHY
healthy/sapi_h_21.jpg,0,0,0,0,0,0,HEALTHY
healthy/Ayrshirecattle59.jpg,0,0,0,0,0,0,HEALTHY
healthy/Ayrshirecattle14.jpg,0,0,0,0,0,0,HEALTHY
healthy/imgs144.jpg,0,0,0,0,0,0,HEALTHY
healthy/Normal_Skin_97_png.rf.ec2c0b4dc650fecb04b0ba1fbd293fbf.jpg,0,0,0,0,0,0,HEALTHY
healthy/imgs394(1).jpg,0,0,0,0,0,0,HEALTHY
healthy/imgs149.jpg,0,0,0,0,0,0,HEALTHY
healthy/HolsteinFriesiancattle32_c.jpg,0,0,0,0,0,0,HEALTHY
healthy/HolsteinFriesiancattle117.jpg,0,0,0,0,0,0,HEALTHY
healthy/healthymouth_391_jpg.rf.9d583be60280e7887023ef114075ca85.jpg,0,0,0,0,0,0,HEALTHY
healthy/Non-diseased-muzzle-40-with-tongue_jpg.rf.4cdad0f6f310bd0d8f46bc190c2a0e70.jpg,0,0,0,0,0,0,HEALTHY
healthy/imgs036.jpg,0,0,0,0,0,0,HEALTHY
healthy/sapi_y_2.jpg,0,0,0,0,0,0,HEALTHY
healthy/imgs507.jpg,0,0,0,0,0,0,HEALTHY
healthy/Jerseycattle24.jpg,0,0,0,0,0,0,HEALTHY
healthy/Jerseycattle132.jpg,0,0,0,0,0,0,HEALTHY
healthy/HolsteinFriesiancattle126.jpg,0,0,0,0,0,0,HEALTHY
healthy/Ayrshirecattle134.jpg,0,0,0,0,0,0,HEALTHY
healthy/Non-diseased-muzzle-11_jpg.rf.85ddb3131d0715671b84bb52dc6378f3.jpg,0,0,0,0,0,0,HEALTHY
healthy/HolsteinFriesiancattle23.jpg,0,0,0,0,0,0,HEALTHY
healthy/Non-diseased-muzzle-14_jpg.rf.2671569223d9bdbf498b03879bbf1ec1.jpg,0,0,0,0,0,0,HEALTHY
healthy/Ayrshirecattle67.jpg,0,0,0,0,0,0,HEALTHY
healthy/Non-diseased-muzzle-10_jpg.rf.cc997e6ed2e1eb26ba763cb77be79b71.jpg,0,0,0,0,0,0,HEALTHY
healthy/Normal_Skin_567-resized.jpg,0,0,0,0,0,0,HEALTHY
healthy/BrownSwisscattle129.jpg,0,0,0,0,0,0,HEALTHY
healthy/imgs302.jpg,0,0,0,0,0,0,HEALTHY
healthy/Non-diseased-muzzle-42-with-tongue_jpg.rf.f690fd3380df371c15a6ff7982e2e8e2.jpg,0,0,0,0,0,0,HEALTHY
healthy/imgs193.jpg,0,0,0,0,0,0,HEALTHY
healthy/Ayrshirecattle135.jpg,0,0,0,0,0,0,HEALTHY
healthy/Ayrshirecattle28.jpg,0,0,0,0,0,0,HEALTHY
healthy/BrownSwisscattle25.jpg,0,0,0,0,0,0,HEALTHY
healthy/imgs088.jpg,0,0,0,0,0,0,HEALTHY
healthy/Non-diseased-muzzle-29_jpg.rf.988e0514ae7d6a98be96d5701e4fbe9d.jpg,0,0,0,0,0,0,HEALTHY
healthy/Normal_Skin_256_png.rf.c763bf85393a88d5fdd1792492575340.jpg,0,0,0,0,0,0,HEALTHY
healthy/imgs255.jpg,0,0,0,0,0,0,HEALTHY
healthy/imgs253.jpg,0,0,0,0,0,0,HEALTHY
healthy/Normal_Skin_569-resized.jpg,0,0,0,0,0,0,HEALTHY
healthy/BrownSwisscattle20.jpg,0,0,0,0,0,0,HEALTHY
healthy/Non-diseased-muzzle-4_jpeg.rf.7cdad39a105c449c4c12c2f71cad1043.jpg,0,0,0,0,0,0,HEALTHY
healthy/sapi_c1_15.jpg,0,0,0,0,0,0,HEALTHY
healthy/imgs020.jpg,0,0,0,0,0,0,HEALTHY
healthy/HolsteinFriesiancattle67.jpg,0,0,0,0,0,0,HEALTHY
healthy/imgs442.jpg,0,0,0,0,0,0,HEALTHY
healthy/Normal_Skin_35_png.rf.849090038f92b73aba8199320c4cc99d.jpg,0,0,0,0,0,0,HEALTHY
healthy/BrownSwisscattle42.jpg,0,0,0,0,0,0,HEALTHY
healthy/imgs045.jpg,0,0,0,0,0,0,HEALTHY
healthy/HolsteinFriesiancattle125.jpg,0,0,0,0,0,0,HEALTHY
healthy/imgs066.jpg,0,0,0,0,0,0,HEALTHY
healthy/imgs203.jpg,0,0,0,0,0,0,HEALTHY
healthy/sapi_z_2.jpg,0,0,0,0,0,0,HEALTHY
healthy/healthymouth_226_jpg.rf.d53dd34f50f35d9fdd632fe04a59081d.jpg,0,0,0,0,0,0,HEALTHY
healthy/imgs417.jpg,0,0,0,0,0,0,HEALTHY
healthy/Ayrshirecattle141.jpg,0,0,0,0,0,0,HEALTHY
healthy/imgs075.jpg,0,0,0,0,0,0,HEALTHY
healthy/imgs218.jpg,0,0,0,0,0,0,HEALTHY
healthy/imgs473.jpg,0,0,0,0,0,0,HEALTHY
healthy/imgs501.jpg,0,0,0,0,0,0,HEALTHY
healthy/imgs025.jpg,0,0,0,0,0,0,HEALTHY
healthy/imgs372.jpg,0,0,0,0,0,0,HEALTHY
healthy/Ayrshirecattle2.jpg,0,0,0,0,0,0,HEALTHY
healthy/Ayrshirecattle30.jpg,0,0,0,0,0,0,HEALTHY
healthy/Jerseycattle21.jpg,0,0,0,0,0,0,HEALTHY
healthy/sapi_a1_17.jpg,0,0,0,0,0,0,HEALTHY
healthy/sapi_u_6.jpg,0,0,0,0,0,0,HEALTHY
healthy/imgs074.jpg,0,0,0,0,0,0,HEALTHY
healthy/Ayrshirecattle102.jpg,0,0,0,0,0,0,HEALTHY
healthy/Non-diseased-muzzle-9_jpg.rf.19817d50d518304a70ec4099593bbd97.jpg,0,0,0,0,0,0,HEALTHY
healthy/BrownSwisscattle27.jpg,0,0,0,0,0,0,HEALTHY
healthy/HolsteinFriesiancattle24.jpg,0,0,0,0,0,0,HEALTHY
healthy/Non-diseased-muzzle-21-with-tongue_jpg.rf.81f12e847715666554c89038dbede9bb.jpg,0,0,0,0,0,0,HEALTHY
healthy/BB19012024174448_front_png.rf.8f8d95e4c046e027495838cb7a8342fb.jpg,0,0,0,0,0,0,HEALTHY
healthy/Jerseycattle115.jpg,0,0,0,0,0,0,HEALTHY
healthy/RedDanecattle101.jpg,0,0,0,0,0,0,HEALTHY
healthy/BrownSwisscattle74.jpg,0,0,0,0,0,0,HEALTHY
healthy/sapi_v_6.jpg,0,0,0,0,0,0,HEALTHY
healthy/imgs298.jpg,0,0,0,0,0,0,HEALTHY
healthy/imgs177.jpg,0,0,0,0,0,0,HEALTHY
healthy/imgs222.jpg,0,0,0,0,0,0,HEALTHY
healthy/RedDanecattle16.jpg,0,0,0,0,0,0,HEALTHY
healthy/Non-diseased-muzzle-25-with-tongue_jpg.rf.9aceb0de8bc328fcfcf39c487fe06a34.jpg,0,0,0,0,0,0,HEALTHY
healthy/imgs472.jpg,0,0,0,0,0,0,HEALTHY
healthy/imgs361.jpg,0,0,0,0,0,0,HEALTHY
healthy/healthymouth_110_jpg.rf.9147eb6b341255cd7eda10ab198ea9c8.jpg,0,0,0,0,0,0,HEALTHY
healthy/BrownSwisscattle71.jpg,0,0,0,0,0,0,HEALTHY
healthy/RedDanecattle144.jpg,0,0,0,0,0,0,HEALTHY
healthy/HolsteinFriesiancattle112.jpg,0,0,0,0,0,0,HEALTHY
healthy/image_UHJvZHVjdDoyMDc4_9f1e0131_jpeg_jpg.rf.914e792cdfa64c9d8c6e89f7899e8714.jpg,0,0,0,0,0,0,HEALTHY
healthy/Jerseycattle17.jpg,0,0,0,0,0,0,HEALTHY
healthy/imgs415.jpg,0,0,0,0,0,0,HEALTHY
healthy/Jerseycattle129.jpg,0,0,0,0,0,0,HEALTHY
healthy/Ayrshirecattle7.jpg,0,0,0,0,0,0,HEALTHY
healthy/imgs386.jpg,0,0,0,0,0,0,HEALTHY
healthy/Ayrshirecattle63.jpg,0,0,0,0,0,0,HEALTHY
healthy/imgs140.jpg,0,0,0,0,0,0,HEALTHY
healthy/Normal_Skin_564-resized.jpg,0,0,0,0,0,0,HEALTHY
healthy/Ayrshirecattle147.jpg,0,0,0,0,0,0,HEALTHY
healthy/Normal_Skin_255_png.rf.6fbac0cd7e5acfd5baf4fa8249a2d49f.jpg,0,0,0,0,0,0,HEALTHY
healthy/RedDanecattle99.jpg,0,0,0,0,0,0,HEALTHY
healthy/imgs300.jpg,0,0,0,0,0,0,HEALTHY
healthy/imgs021.jpg,0,0,0,0,0,0,HEALTHY
healthy/Jerseycattle96.jpg,0,0,0,0,0,0,HEALTHY
healthy/imgs383.jpg,0,0,0,0,0,0,HEALTHY
healthy/Normal_Skin_559-resized.jpg,0,0,0,0,0,0,HEALTHY
healthy/Non-diseased-muzzle-13-with-tongue_jpg.rf.8723f0083d06f68cd8ee2c8a0570e62d.jpg,0,0,0,0,0,0,HEALTHY
healthy/imgs232.jpg,0,0,0,0,0,0,HEALTHY
healthy/imgs213.jpg,0,0,0,0,0,0,HEALTHY
healthy/Normal_Skin_58-resized.jpg,0,0,0,0,0,0,HEALTHY
healthy/HolsteinFriesiancattle75.jpg,0,0,0,0,0,0,HEALTHY
healthy/image_UHJvZHVjdDoxOTg2_731ab393_jpg.rf.4d3891ed9f583ae109924a8f9d3462a5.jpg,0,0,0,0,0,0,HEALTHY
healthy/imgs339.jpg,0,0,0,0,0,0,HEALTHY
healthy/imgs169.jpg,0,0,0,0,0,0,HEALTHY
healthy/Normal_Skin_561-resized.jpg,0,0,0,0,0,0,HEALTHY
healthy/imgs395.jpg,0,0,0,0,0,0,HEALTHY
healthy/RedDanecattle32.jpg,0,0,0,0,0,0,HEALTHY
healthy/Non-diseased-muzzle-10-with-tongue_jpg.rf.79d435ce7c3caffdaf9115258fa9ca8f.jpg,0,0,0,0,0,0,HEALTHY
healthy/imgs335.jpg,0,0,0,0,0,0,HEALTHY
healthy/Non-diseased-muzzle-9_jpg.rf.87cc33a9d70dcab6d9ca84f11646082e.jpg,0,0,0,0,0,0,HEALTHY
healthy/imgs292.jpg,0,0,0,0,0,0,HEALTHY
healthy/Non-diseased-muzzle-34-with-tongue_jpg.rf.9b2b5148a961f0f71ebdd7d957168fac.jpg,0,0,0,0,0,0,HEALTHY
healthy/imgs261(1).jpg,0,0,0,0,0,0,HEALTHY
healthy/BrownSwisscattle28.jpg,0,0,0,0,0,0,HEALTHY
healthy/imgs320.jpg,0,0,0,0,0,0,HEALTHY
healthy/Normal_Skin_56-resized.jpg,0,0,0,0,0,0,HEALTHY
healthy/imgs143.jpg,0,0,0,0,0,0,HEALTHY
healthy/healthymouth_198_jpg.rf.d44ba1c4d1773abe29609e04e5df6725.jpg,0,0,0,0,0,0,HEALTHY
healthy/imgs438.jpg,0,0,0,0,0,0,HEALTHY
healthy/RedDanecattle47.jpg,0,0,0,0,0,0,HEALTHY
healthy/Jerseycattle146.jpg,0,0,0,0,0,0,HEALTHY
healthy/imgs120.jpg,0,0,0,0,0,0,HEALTHY
healthy/imgs280.jpg,0,0,0,0,0,0,HEALTHY
healthy/RedDanecattle53.jpg,0,0,0,0,0,0,HEALTHY
healthy/imgs241.jpg,0,0,0,0,0,0,HEALTHY
healthy/imgs125.jpg,0,0,0,0,0,0,HEALTHY
healthy/Jerseycattle89.jpg,0,0,0,0,0,0,HEALTHY
healthy/imgs101.jpg,0,0,0,0,0,0,HEALTHY
healthy/Non-diseased-muzzle-44-with-tongue_jpg.rf.c636387898cd359ba8ba8b51ec876eb1.jpg,0,0,0,0,0,0,HEALTHY
healthy/imgs178.jpg,0,0,0,0,0,0,HEALTHY
healthy/imgs115.jpg,0,0,0,0,0,0,HEALTHY
healthy/imgs105.jpg,0,0,0,0,0,0,HEALTHY
healthy/RedDanecattle26.jpg,0,0,0,0,0,0,HEALTHY
healthy/BrownSwisscattle6.jpg,0,0,0,0,0,0,HEALTHY
healthy/imgs447.jpg,0,0,0,0,0,0,HEALTHY
healthy/imgs132.jpg,0,0,0,0,0,0,HEALTHY
healthy/imgs367.jpg,0,0,0,0,0,0,HEALTHY
healthy/imgs366.jpg,0,0,0,0,0,0,HEALTHY
healthy/HolsteinFriesiancattle55.jpg,0,0,0,0,0,0,HEALTHY
healthy/temp_file_1700807847011_jpeg_jpg.rf.bfe1c03ff828fb46b1e9155ec5e752b7.jpg,0,0,0,0,0,0,HEALTHY
healthy/imgs509.jpg,0,0,0,0,0,0,HEALTHY
healthy/BrownSwisscattle86.jpg,0,0,0,0,0,0,HEALTHY
healthy/Jerseycattle5.jpg,0,0,0,0,0,0,HEALTHY
healthy/imgs513.jpg,0,0,0,0,0,0,HEALTHY
healthy/imgs496.jpg,0,0,0,0,0,0,HEALTHY
healthy/imgs038.jpg,0,0,0,0,0,0,HEALTHY
healthy/imgs375.jpg,0,0,0,0,0,0,HEALTHY
healthy/imgs373.jpg,0,0,0,0,0,0,HEALTHY
healthy/Ayrshirecattle90.jpg,0,0,0,0,0,0,HEALTHY
healthy/Non-diseased-muzzle-44-with-tongue_jpg.rf.38b885e675345a76eb79892fc741a243.jpg,0,0,0,0,0,0,HEALTHY
healthy/BB20012024132638_front_png_jpg.rf.58bc7ee487d82b9be9121d235b894eb1.jpg,0,0,0,0,0,0,HEALTHY
healthy/sapi_s_8.jpg,0,0,0,0,0,0,HEALTHY
healthy/imgs233.jpg,0,0,0,0,0,0,HEALTHY
healthy/Non-diseased-muzzle-29-with-tongue_jpg.rf.feaa965f12282e9927224556422885a1.jpg,0,0,0,0,0,0,HEALTHY
healthy/imgs170.jpg,0,0,0,0,0,0,HEALTHY
healthy/Jerseycattle60.jpg,0,0,0,0,0,0,HEALTHY
healthy/HolsteinFriesiancattle70.jpg,0,0,0,0,0,0,HEALTHY
healthy/imgs505.jpg,0,0,0,0,0,0,HEALTHY
healthy/imgs003.jpg,0,0,0,0,0,0,HEALTHY
healthy/sapi_g_5.jpg,0,0,0,0,0,0,HEALTHY
healthy/sapi_p_15.jpg,0,0,0,0,0,0,HEALTHY
healthy/BrownSwisscattle19.jpg,0,0,0,0,0,0,HEALTHY
healthy/BrownSwisscattle2.jpg,0,0,0,0,0,0,HEALTHY
healthy/BrownSwisscattle126_c.jpg,0,0,0,0,0,0,HEALTHY
healthy/RedDanecattle91.jpg,0,0,0,0,0,0,HEALTHY
healthy/imgs265(1).jpg,0,0,0,0,0,0,HEALTHY
healthy/BrownSwisscattle100.jpg,0,0,0,0,0,0,HEALTHY
healthy/imgs037.jpg,0,0,0,0,0,0,HEALTHY
healthy/BrownSwisscattle53.jpg,0,0,0,0,0,0,HEALTHY
healthy/BrownSwisscattle90.jpg,0,0,0,0,0,0,HEALTHY
healthy/imgs254.jpg,0,0,0,0,0,0,HEALTHY
healthy/Normal_Skin_243_png.rf.1a2e83459ded2177dd94d246d158a34e.jpg,0,0,0,0,0,0,HEALTHY
healthy/Normal_Skin_240_png.rf.1a4b926fb56929d943500c1eb246eea5.jpg,0,0,0,0,0,0,HEALTHY
healthy/Non-diseased-muzzle-42-with-tongue_jpg.rf.5a44e93168c8d6f0f45adca1f695ea64.jpg,0,0,0,0,0,0,HEALTHY
healthy/Non-diseased-muzzle-42-with-tongue_jpg.rf.a96303d00c9930838ed300c4e722195d.jpg,0,0,0,0,0,0,HEALTHY
healthy/sapi_s_6.jpg,0,0,0,0,0,0,HEALTHY
healthy/sapi_m_08.jpg,0,0,0,0,0,0,HEALTHY
healthy/BrownSwisscattle113.jpg,0,0,0,0,0,0,HEALTHY
healthy/imgs301.jpg,0,0,0,0,0,0,HEALTHY
healthy/imgs423.jpg,0,0,0,0,0,0,HEALTHY
healthy/imgs130.jpg,0,0,0,0,0,0,HEALTHY
healthy/Ayrshirecattle70.jpg,0,0,0,0,0,0,HEALTHY
healthy/Non-diseased-muzzle-24-with-tongue_jpg.rf.216c6b5b2187adf14736b1add7226dbd.jpg,0,0,0,0,0,0,HEALTHY
healthy/healthymouth_226_jpg.rf.524b11fda85e492c5c0cec7ef7662d76.jpg,0,0,0,0,0,0,HEALTHY
healthy/imgs333.jpg,0,0,0,0,0,0,HEALTHY
healthy/imgs027.jpg,0,0,0,0,0,0,HEALTHY
healthy/Normal_Skin_558-resized.jpg,0,0,0,0,0,0,HEALTHY
healthy/non-diseased-muzzle-12-with-tongue_jpg.rf.4e1efdc9c7253378aa27eb883e53f9ea.jpg,0,0,0,0,0,0,HEALTHY
healthy/Non-diseased-muzzle-20_jpg.rf.c0c57ae4f580afd34df384e525b52c3e.jpg,0,0,0,0,0,0,HEALTHY
healthy/imgs200.jpg,0,0,0,0,0,0,HEALTHY
healthy/imgs252.jpg,0,0,0,0,0,0,HEALTHY
healthy/Non-diseased-muzzle-16-with-tongue_jpg.rf.0e56cc2458404455e919b5b84af26a1f.jpg,0,0,0,0,0,0,HEALTHY
healthy/BrownSwisscattle147_c.jpg,0,0,0,0,0,0,HEALTHY
healthy/BB24012024151720_front_png_jpg.rf.0d6e48d38ec7e82153e9a82baea5cb26.jpg,0,0,0,0,0,0,HEALTHY
healthy/imgs002.jpg,0,0,0,0,0,0,HEALTHY
healthy/Non-diseased-muzzle-19-with-tongue_jpg.rf.49f02b3b4fea228fbdefa49d5ea72692.jpg,0,0,0,0,0,0,HEALTHY
healthy/Non-diseased-muzzle-16_jpg.rf.98057d33a6d1b3364ffb9e818116ce1b.jpg,0,0,0,0,0,0,HEALTHY
healthy/imgs081.jpg,0,0,0,0,0,0,HEALTHY
healthy/sapi_z_11.jpg,0,0,0,0,0,0,HEALTHY
healthy/Non-diseased-muzzle-8-with-tongue_jpg.rf.6763973554a0f1697edd9024f49733c1.jpg,0,0,0,0,0,0,HEALTHY
healthy/imgs118.jpg,0,0,0,0,0,0,HEALTHY
healthy/imgs262(1).jpg,0,0,0,0,0,0,HEALTHY
healthy/Ayrshirecattle132.jpg,0,0,0,0,0,0,HEALTHY
healthy/Ayrshirecattle12.jpg,0,0,0,0,0,0,HEALTHY
healthy/Non-diseased-muzzle-34-with-tongue_jpg.rf.b12fee400a863d1cc97c22c885979a88.jpg,0,0,0,0,0,0,HEALTHY
healthy/Non-diseased-muzzle-16-with-tongue_jpg.rf.cb37782c11df9d1f007494dcb96cfa94.jpg,0,0,0,0,0,0,HEALTHY
healthy/imgs031.jpg,0,0,0,0,0,0,HEALTHY
healthy/RedDanecattle36.jpg,0,0,0,0,0,0,HEALTHY
healthy/imgs319.jpg,0,0,0,0,0,0,HEALTHY
healthy/BrownSwisscattle8.jpg,0,0,0,0,0,0,HEALTHY
healthy/Jerseycattle0.jpg,0,0,0,0,0,0,HEALTHY
healthy/sapi_j_8.jpg,0,0,0,0,0,0,HEALTHY
healthy/imgs146.jpg,0,0,0,0,0,0,HEALTHY
healthy/imgs271(1).jpg,0,0,0,0,0,0,HEALTHY
healthy/Non-diseased-muzzle-16_jpg.rf.04dbc0ee80e41abc9d033070cdfe7514.jpg,0,0,0,0,0,0,HEALTHY
healthy/RedDanecattle15.jpg,0,0,0,0,0,0,HEALTHY
healthy/Non-diseased-muzzle-3_jpeg.rf.b368f203a0670b8fe1cb5d8090579d26.jpg,0,0,0,0,0,0,HEALTHY
healthy/imgs495.jpg,0,0,0,0,0,0,HEALTHY
healthy/imgs010.jpg,0,0,0,0,0,0,HEALTHY
healthy/imgs399.jpg,0,0,0,0,0,0,HEALTHY
healthy/imgs112.jpg,0,0,0,0,0,0,HEALTHY
healthy/BrownSwisscattle47.jpg,0,0,0,0,0,0,HEALTHY
healthy/Jerseycattle92.jpg,0,0,0,0,0,0,HEALTHY
healthy/Normal_Skin_243_png.rf.2a01e4107cf2bfb3448158bb1c07759d.jpg,0,0,0,0,0,0,HEALTHY
healthy/imgs119.jpg,0,0,0,0,0,0,HEALTHY
healthy/BB29012024092257_muzzle_png_jpg.rf.2c803e1a0f08b671843c1108309e71f6.jpg,0,0,0,0,0,0,HEALTHY
healthy/sapi_c_6.jpg,0,0,0,0,0,0,HEALTHY
healthy/Ayrshirecattle42.jpg,0,0,0,0,0,0,HEALTHY
healthy/HolsteinFriesiancattle144.jpg,0,0,0,0,0,0,HEALTHY
healthy/imgs028.jpg,0,0,0,0,0,0,HEALTHY
healthy/imgs502.jpg,0,0,0,0,0,0,HEALTHY
healthy/Ayrshirecattle126.jpg,0,0,0,0,0,0,HEALTHY
healthy/HolsteinFriesiancattle104.jpg,0,0,0,0,0,0,HEALTHY
healthy/imgs014.jpg,0,0,0,0,0,0,HEALTHY
healthy/BrownSwisscattle61.jpg,0,0,0,0,0,0,HEALTHY
healthy/Jerseycattle137.jpg,0,0,0,0,0,0,HEALTHY
healthy/Ayrshirecattle148.jpg,0,0,0,0,0,0,HEALTHY
healthy/healthymouth_4_jpg.rf.91b3fba51c4bf51acaf25600d4417f6b.jpg,0,0,0,0,0,0,HEALTHY
healthy/imgs068.jpg,0,0,0,0,0,0,HEALTHY
healthy/HolsteinFriesiancattle53.jpg,0,0,0,0,0,0,HEALTHY
healthy/Ayrshirecattle38.jpg,0,0,0,0,0,0,HEALTHY
healthy/Non-diseased-muzzle-9_jpg.rf.1c87c5fda40860804aaf70dcb9a8688b.jpg,0,0,0,0,0,0,HEALTHY
healthy/imgs004.jpg,0,0,0,0,0,0,HEALTHY
healthy/HolsteinFriesiancattle123.jpg,0,0,0,0,0,0,HEALTHY
healthy/Non-diseased-muzzle-38-with-tongue_jpg.rf.e01737fe2d04099e4ab91628c0439dbd.jpg,0,0,0,0,0,0,HEALTHY
healthy/BrownSwisscattle58.jpg,0,0,0,0,0,0,HEALTHY
healthy/Normal_Skin_184_png.rf.47cbca58ff17c241ea5cedab091c8cf3.jpg,0,0,0,0,0,0,HEALTHY
healthy/Non-diseased-muzzle-13-with-tongue_jpg.rf.3bb687d669457c3249a973ba89f778c1.jpg,0,0,0,0,0,0,HEALTHY
healthy/Jerseycattle105.jpg,0,0,0,0,0,0,HEALTHY
healthy/imgs469.jpg,0,0,0,0,0,0,HEALTHY
healthy/imgs266(1).jpg,0,0,0,0,0,0,HEALTHY
healthy/BrownSwisscattle95_c.jpg,0,0,0,0,0,0,HEALTHY
healthy/sapi_a_10.jpg,0,0,0,0,0,0,HEALTHY
healthy/HolsteinFriesiancattle20.jpg,0,0,0,0,0,0,HEALTHY
healthy/imgs282.jpg,0,0,0,0,0,0,HEALTHY
healthy/Normal_Skin_244_png.rf.5cd19bdc520c094f9b25072cacf324a2.jpg,0,0,0,0,0,0,HEALTHY
healthy/Non-diseased-muzzle-28_jpg.rf.3c1932085b776db54d7842511e4a564c.jpg,0,0,0,0,0,0,HEALTHY
healthy/healthymouth_4_jpg.rf.4f106957f50abb8f71fec408b83f131f.jpg,0,0,0,0,0,0,HEALTHY
healthy/HolsteinFriesiancattle12.jpg,0,0,0,0,0,0,HEALTHY
healthy/BrownSwisscattle34.jpg,0,0,0,0,0,0,HEALTHY
healthy/imgs023.jpg,0,0,0,0,0,0,HEALTHY
healthy/HolsteinFriesiancattle111.jpg,0,0,0,0,0,0,HEALTHY
healthy/BrownSwisscattle89_c.jpg,0,0,0,0,0,0,HEALTHY
healthy/imgs171.jpg,0,0,0,0,0,0,HEALTHY
healthy/Non-diseased-muzzle-32-with-tongue_jpg.rf.d26dbfd9486cdc7632ec21ae1e49452d.jpg,0,0,0,0,0,0,HEALTHY
healthy/BrownSwisscattle17.jpg,0,0,0,0,0,0,HEALTHY
healthy/imgs034.jpg,0,0,0,0,0,0,HEALTHY
healthy/imgs360.jpg,0,0,0,0,0,0,HEALTHY
healthy/imgs440.jpg,0,0,0,0,0,0,HEALTHY
healthy/Normal_Skin_137_png.rf.34aec06f660acd6470e785c84deb68c2.jpg,0,0,0,0,0,0,HEALTHY
healthy/imgs229.jpg,0,0,0,0,0,0,HEALTHY
healthy/imgs514.jpg,0,0,0,0,0,0,HEALTHY
healthy/Normal_Skin_207_png.rf.de82681cdd5bac8ab3143cef16ffc287.jpg,0,0,0,0,0,0,HEALTHY
healthy/Jerseycattle31.jpg,0,0,0,0,0,0,HEALTHY
healthy/imgs210.jpg,0,0,0,0,0,0,HEALTHY
healthy/imgs251.jpg,0,0,0,0,0,0,HEALTHY
healthy/imgs467.jpg,0,0,0,0,0,0,HEALTHY
healthy/Normal_Skin_257_png.rf.9e3e7ea00c25db12a3c8de9c6234fd7b.jpg,0,0,0,0,0,0,HEALTHY
healthy/Normal_Skin_592-resized.jpg,0,0,0,0,0,0,HEALTHY
healthy/healthymouth_17_jpg.rf.e6bbc2e620efc0780d3f8600f4cbcaef.jpg,0,0,0,0,0,0,HEALTHY
healthy/Normal_Skin_587-resized.jpg,0,0,0,0,0,0,HEALTHY
healthy/healthymouth_65_jpg.rf.5e128ee484f3d6f09e06ee1526c13815.jpg,0,0,0,0,0,0,HEALTHY
healthy/Jerseycattle35.jpg,0,0,0,0,0,0,HEALTHY
healthy/Non-diseased-muzzle-19-with-tongue_jpg.rf.0868c1f859f57fe23895014d17a12fef.jpg,0,0,0,0,0,0,HEALTHY
healthy/healthymouth_13_jpg.rf.45c702104cca5a10290406d1caaca5ca.jpg,0,0,0,0,0,0,HEALTHY
healthy/healthymouth_80_jpg.rf.25caa0f89343452a365f8e10c0eb3950.jpg,1,0,0,0,1,1,CBPP
healthy/RedDanecattle0.jpg,1,0,0,0,1,1,CBPP
healthy/imgs245.jpg,1,0,0,0,1,1,CBPP
healthy/imgs390.jpg,1,0,0,0,1,1,CBPP
healthy/Normal_Skin_256_png.rf.4f7c4e87b7ba4928e24d536687b5ad42.jpg,1,0,0,0,1,1,CBPP
healthy/imgs491.jpg,1,0,0,0,1,1,CBPP
healthy/Jerseycattle33.jpg,1,0,0,0,1,1,CBPP
healthy/RedDanecattle80.jpg,1,0,0,0,1,1,CBPP
healthy/HolsteinFriesiancattle36.jpg,1,0,0,0,1,1,CBPP
healthy/IMG_20220906_172526_jpg.rf.812849bf2393773814a86d2076d1150a.jpg,1,0,0,0,1,1,CBPP
healthy/healthymouth_12_jpg.rf.0008e8c777349aca7ff9fa9def13d064.jpg,1,0,0,0,1,1,CBPP
healthy/Ayrshirecattle94.jpg,1,0,0,0,1,1,CBPP
healthy/Non-diseased-muzzle-43-with-tongue_jpg.rf.06c5fa0d9c1a055b3ac14a205ef44839.jpg,1,0,0,0,1,1,CBPP
healthy/imgs478.jpg,1,0,0,0,1,1,CBPP
healthy/IMG_20220906_172428_jpg.rf.1fd46c81338d9281b4a23752cfb1eed9.jpg,1,0,0,0,1,1,CBPP
healthy/RedDanecattle52.jpg,1,0,0,0,1,1,CBPP
healthy/BrownSwisscattle80.jpg,1,0,0,0,1,1,CBPP
healthy/imgs376.jpg,1,0,0,0,1,1,CBPP
healthy/Ayrshirecattle6.jpg,1,0,0,0,1,1,CBPP
healthy/Normal_Skin_556-resized.jpg,1,0,0,0,1,1,CBPP
healthy/imgs135.jpg,1,0,0,0,1,1,CBPP
healthy/imgs453.jpg,1,0,0,0,1,1,CBPP
healthy/Normal_Skin_254_png.rf.1ec3153e184ea7622716c69e0d27c447.jpg,1,0,0,0,1,1,CBPP
healthy/HolsteinFriesiancattle51.jpg,1,0,0,0,1,1,CBPP
healthy/Normal_Skin_341_png.rf.6bc07bb1bf9140c364bccad5e36e4ebe.jpg,1,0,0,0,1,1,CBPP
healthy/BB01022024172419_front-png_jpg.rf.17390cd5ebd66915f04e1c6e5f887719.jpg,1,0,0,0,1,1,CBPP
healthy/RedDanecattle27.jpg,1,0,0,0,1,1,CBPP
healthy/healthymouth_214_jpg.rf.0e3b1f061dbe2f8ee67c9f562c28fed0.jpg,1,0,0,0,1,1,CBPP
healthy/HolsteinFriesiancattle109.jpg,1,0,0,0,1,1,CBPP
healthy/RedDanecattle11.jpg,1,0,0,0,1,1,CBPP
healthy/imgs446.jpg,1,0,0,0,1,1,CBPP
healthy/Ayrshirecattle89.jpg,1,0,0,0,1,1,CBPP
healthy/imgs428.jpg,1,0,0,0,1,1,CBPP
healthy/HolsteinFriesiancattle139.jpg,1,0,0,0,1,1,CBPP
healthy/imgs272.jpg,1,0,0,0,1,1,CBPP
healthy/Ayrshirecattle107.jpg,1,0,0,0,1,1,CBPP
healthy/Jerseycattle14.jpg,1,0,0,0,1,1,CBPP
healthy/imgs079.jpg,1,0,0,0,1,1,CBPP
healthy/imgs063.jpg,1,0,0,0,1,1,CBPP
healthy/healthymouth_92_jpg.rf.3a7315cfc62f0d0bd003102530238eab.jpg,1,0,0,0,1,1,CBPP
healthy/imgs459.jpg,1,0,0,0,1,1,CBPP
healthy/Normal_Skin_565-resized.jpg,1,0,0,0,1,1,CBPP
healthy/Non-diseased-muzzle-21_jpg.rf.8642fd6df8c3e3726b0ddaeee151f837.jpg,1,0,0,0,1,1,CBPP
healthy/BrownSwisscattle4.jpg,1,0,0,0,1,1,CBPP
healthy/Non-diseased-muzzle-21_jpg.rf.55b5e360a2c963a48e29a332230c915d.jpg,1,0,0,0,1,1,CBPP
healthy/HolsteinFriesiancattle137.jpg,1,0,0,0,1,1,CBPP
healthy/imgs175.jpg,1,0,0,0,1,1,CBPP
healthy/imgs444.jpg,1,0,0,0,1,1,CBPP
healthy/Ayrshirecattle86.jpg,1,0,0,0,1,1,CBPP
healthy/HolsteinFriesiancattle148.jpg,1,0,0,0,1,1,CBPP
healthy/imgs431.jpg,1,0,0,0,1,1,CBPP
healthy/BB19012024175102_left_png_jpeg_jpg.rf.de976a66d9a5f8adf5ded951bb511036.jpg,1,0,0,0,1,1,CBPP
healthy/HolsteinFriesiancattle16.jpg,1,0,0,0,1,1,CBPP
healthy/imgs450.jpg,1,0,0,0,1,1,CBPP
healthy/Non-diseased-muzzle-2_jpeg.rf.ffe0027a6c92fad2d1acb1a49c7fdb77.jpg,1,0,0,0,1,1,CBPP
healthy/imgs303.jpg,1,0,0,0,1,1,CBPP
healthy/sapi_y_17.jpg,1,0,0,0,1,1,CBPP
healthy/imgs488.jpg,1,0,0,0,1,1,CBPP
healthy/Normal_Skin_593-resized.jpg,1,0,0,0,1,1,CBPP
healthy/Non-diseased-muzzle-7-with-tongue_jpg.rf.379bc78b0f4c7a884fe2310b12e11602.jpg,1,0,0,0,1,1,CBPP
healthy/BrownSwisscattle120_c.jpg,1,0,0,0,1,1,CBPP
healthy/healthymouth_92_jpg.rf.0b3af0599f241d6fe2075c7bb8920414.jpg,1,0,0,0,1,1,CBPP
healthy/Ayrshirecattle97.jpg,1,0,0,0,1,1,CBPP
healthy/image_UHJvZHVjdDoyMDYw_ae288dd7_jpeg_jpg.rf.30cb2049ad2ca93fd0a82aa68b960bcd.jpg,1,0,0,0,1,1,CBPP
healthy/imgs474.jpg,1,0,0,0,1,1,CBPP
healthy/imgs471.jpg,1,0,0,0,1,1,CBPP
healthy/BrownSwisscattle135_c.jpg,1,0,0,0,1,1,CBPP
healthy/imgs150.jpg,1,0,0,0,1,1,CBPP
healthy/HolsteinFriesiancattle122.jpg,1,0,0,0,1,1,CBPP
healthy/imgs113.jpg,1,0,0,0,1,1,CBPP
healthy/imgs388.jpg,1,0,0,0,1,1,CBPP
healthy/Normal_Skin_172_png.rf.190ae94773f3d483b4e2f55f62a9fab8.jpg,1,0,0,0,1,1,CBPP
healthy/imgs278(1).jpg,1,0,0,0,1,1,CBPP
healthy/BB01022024175336_front-png_jpg.rf.e7fd0a8ca8d7dce0beab85120d3b5708.jpg,1,0,0,0,1,1,CBPP
healthy/Ayrshirecattle123.jpg,1,0,0,0,1,1,CBPP
healthy/imgs393.jpg,1,0,0,0,1,1,CBPP
healthy/HolsteinFriesiancattle98.jpg,1,0,0,0,1,1,CBPP
healthy/Non-diseased-muzzle-8-with-tongue_jpg.rf.9ec4bb5b3feea510f3e04e5a41af66f5.jpg,1,0,0,0,1,1,CBPP
healthy/imgs184.jpg,1,0,0,0,1,1,CBPP
healthy/BrownSwisscattle68.jpg,1,0,0,0,1,1,CBPP
healthy/Normal_Skin_595-resized.jpg,1,0,0,0,1,1,CBPP
healthy/RedDanecattle5.jpg,1,0,0,0,1,1,CBPP
healthy/Normal_Skin_271_png.rf.dbe6a2a7bd39ba6ad97ef36244a8da56.jpg,1,0,0,0,1,1,CBPP
healthy/Normal_Skin_590-resized.jpg,1,0,0,0,1,1,CBPP
healthy/imgs151.jpg,1,0,0,0,1,1,CBPP
healthy/imgs404.jpg,1,0,0,0,1,1,CBPP
healthy/Non-diseased-muzzle-28-with-tongue_jpg.rf.9d4cbe541cf1c470feeff3ef047d5c21.jpg,1,0,0,0,1,1,CBPP
healthy/Ayrshirecattle105.jpg,1,0,0,0,1,1,CBPP
healthy/Ayrshirecattle95.jpg,1,0,0,0,1,1,CBPP
healthy/HolsteinFriesiancattle64.jpg,1,0,0,0,1,1,CBPP
healthy/Jerseycattle101.jpg,1,0,0,0,1,1,CBPP
healthy/imgs048.jpg,1,0,0,0,1,1,CBPP
healthy/BB02022024180604_front-png_jpg.rf.b893359967e7305b5ece9107f8659c5b.jpg,1,0,0,0,1,1,CBPP
healthy/imgs426.jpg,1,0,0,0,1,1,CBPP
healthy/Ayrshirecattle64.jpg,1,0,0,0,1,1,CBPP
healthy/Normal_Skin_42_png.rf.a74754050001130c431b501c2c519580.jpg,1,0,0,0,1,1,CBPP
healthy/Normal_Skin_624_png.rf.123a2e17359df026abaa4272d6205581.jpg,1,0,0,0,1,1,CBPP
healthy/Normal_Skin_252_png.rf.7c4e191d511fbdcc0268c4c0c2e1c412.jpg,1,0,0,0,1,1,CBPP
healthy/imgs332.jpg,1,0,0,0,1,1,CBPP
healthy/RedDanecattle77.jpg,1,0,0,0,1,1,CBPP
healthy/Jerseycattle7.jpg,1,0,0,0,1,1,CBPP
healthy/imgs403.jpg,1,0,0,0,1,1,CBPP
healthy/RedDanecattle34.jpg,1,0,0,0,1,1,CBPP
healthy/HolsteinFriesiancattle42.jpg,1,0,0,0,1,1,CBPP
healthy/sapi_b1_5.jpg,1,0,0,0,1,1,CBPP
healthy/HolsteinFriesiancattle35.jpg,1,0,0,0,1,1,CBPP
healthy/BrownSwisscattle137.jpg,1,0,0,0,1,1,CBPP
healthy/imgs310.jpg,1,0,0,0,1,1,CBPP
healthy/BrownSwisscattle149_c.jpg,1,0,0,0,1,1,CBPP
healthy/imgs419.jpg,1,0,0,0,1,1,CBPP
healthy/imgs313.jpg,1,0,0,0,1,1,CBPP
healthy/BB02022024173547_front-png_jpg.rf.c094530969f19fc80bbc61ebd7425d85.jpg,1,0,0,0,1,1,CBPP
healthy/BrownSwisscattle127_c.jpg,1,0,0,0,1,1,CBPP
healthy/imgs096.jpg,1,0,0,0,1,1,CBPP
healthy/imgs516.jpg,1,0,0,0,1,1,CBPP
healthy/HolsteinFriesiancattle143.jpg,1,0,0,0,1,1,CBPP
healthy/Non-diseased-muzzle-30-with-tongue_jpg.rf.43a2f42dd80d94943511cc7d70374058.jpg,1,0,0,0,1,1,CBPP
healthy/Ayrshirecattle92.jpg,1,0,0,0,1,1,CBPP
healthy/imgs207.jpg,1,0,0,0,1,1,CBPP
healthy/HolsteinFriesiancattle60_c.jpg,1,0,0,0,1,1,CBPP
healthy/Ayrshirecattle0.jpg,1,0,0,0,1,1,CBPP
healthy/imgs090.jpg,1,0,0,0,1,1,CBPP
healthy/Non-diseased-muzzle-6_jpg.rf.ebb692f99782867fac339a4ac71394b8.jpg,1,0,0,0,1,1,CBPP
healthy/imgs237.jpg,1,0,0,0,1,1,CBPP
healthy/image_UHJvZHVjdDoxODYy_753a817a_jpeg_jpg.rf.c582b03b387c8caaa257b24c823a0b97.jpg,1,0,0,0,1,1,CBPP
healthy/healthymouth_110_jpg.rf.f4870e93caf10416cff0b7dff9000363.jpg,1,0,0,0,1,1,CBPP
healthy/imgs180.jpg,1,0,0,0,1,1,CBPP
healthy/Jerseycattle32.jpg,1,0,0,0,1,1,CBPP
healthy/Jerseycattle138.jpg,1,0,0,0,1,1,CBPP
healthy/Non-diseased-muzzle-25-with-tongue_jpg.rf.571d3080801a799dd603bf117c5f3ddf.jpg,1,0,0,0,1,1,CBPP
healthy/imgs330.jpg,1,0,0,0,1,1,CBPP
healthy/BB19012024102736_front_png_jpg.rf.8174db804f6a05ff9bdf43134c76770f.jpg,1,0,0,0,1,1,CBPP
healthy/image_UHJvZHVjdDoyMDYz_c65f22a1_jpeg_jpg.rf.ef65c2933be309549304fbc67c59097a.jpg,1,0,0,0,1,1,CBPP
healthy/Non-diseased-muzzle-36-with-tongue_jpg.rf.1b43ed3b408dfa839bef632bd074564f.jpg,1,0,0,0,1,1,CBPP
healthy/sapi_r_10.jpg,1,0,0,0,1,1,CBPP
healthy/IMG_20220906_172622_jpg.rf.ab6750db98d0a92e450af2e89e3761bb.jpg,1,0,0,0,1,1,CBPP
healthy/Non-diseased-muzzle-30-with-tongue_jpg.rf.4ac6d266c37986490d489955ea161c1d.jpg,1,0,0,0,1,1,CBPP
healthy/Normal_Skin_216_png.rf.1c388d10aada3eaef5caf250bf62d1d3.jpg,1,0,0,0,1,1,CBPP
healthy/imgs389.jpg,1,0,0,0,1,1,CBPP
healthy/imgs342.jpg,1,0,0,0,1,1,CBPP
healthy/BrownSwisscattle75.jpg,1,0,0,0,1,1,CBPP
healthy/Non-diseased-muzzle-27_jpg.rf.b0b87efc7055c429dfc38d7bc349041c.jpg,1,0,0,0,1,1,CBPP
healthy/imgs308.jpg,1,0,0,0,1,1,CBPP
healthy/RedDanecattle22.jpg,1,0,0,0,1,1,CBPP
healthy/imgs127.jpg,1,0,0,0,1,1,CBPP
healthy/imgs454.jpg,1,0,0,0,1,1,CBPP
healthy/imgs243.jpg,1,0,0,0,1,1,CBPP
healthy/imgs306.jpg,1,0,0,0,1,1,CBPP
healthy/imgs022.jpg,1,0,0,0,1,1,CBPP
healthy/healthymouth_13_jpg.rf.5fd1ee45ebe33f248c91b84133fd24b1.jpg,1,0,0,0,1,1,CBPP
healthy/sapi_p_10.jpg,1,0,0,0,1,1,CBPP
healthy/imgs410.jpg,1,0,0,0,1,1,CBPP
healthy/Jerseycattle142.jpg,1,0,0,0,1,1,CBPP
healthy/Non-diseased-muzzle-14_jpg.rf.8e527fc4f3d696b21bb6767d5f87471e.jpg,1,0,0,0,1,1,CBPP
healthy/imgs353.jpg,1,0,0,0,1,1,CBPP
healthy/Ayrshirecattle15.jpg,1,0,0,0,1,1,CBPP
healthy/HolsteinFriesiancattle135.jpg,1,0,0,0,1,1,CBPP
healthy/Non-diseased-muzzle-28_jpg.rf.a54ef91af6bb057891863c22a33c1947.jpg,1,0,0,0,1,1,CBPP
healthy/Jerseycattle47.jpg,1,0,0,0,1,1,CBPP
healthy/Ayrshirecattle20.jpg,1,0,0,0,1,1,CBPP
healthy/BrownSwisscattle43.jpg,1,0,0,0,1,1,CBPP
healthy/imgs348.jpg,1,0,0,0,1,1,CBPP
healthy/Normal_Skin_281_png.rf.74386b5b577213cfe998dc70701b74c1.jpg,1,0,0,0,1,1,CBPP
healthy/IMG_20220906_172622_jpg.rf.183c8b76c1b6b782e67dbebd5a880f8f.jpg,1,0,0,0,1,1,CBPP
healthy/imgs334.jpg,1,0,0,0,1,1,CBPP
healthy/HolsteinFriesiancattle133.jpg,1,0,0,0,1,1,CBPP
healthy/imgs321.jpg,1,0,0,0,1,1,CBPP
healthy/imgs421.jpg,1,0,0,0,1,1,CBPP
healthy/imgs354.jpg,1,0,0,0,1,1,CBPP
healthy/sapi_i_4.jpg,1,0,0,0,1,1,CBPP
healthy/Ayrshirecattle146.jpg,1,0,0,0,1,1,CBPP
healthy/imgs056.jpg,1,0,0,0,1,1,CBPP
healthy/HolsteinFriesiancattle45_c.jpg,1,0,0,0,1,1,CBPP
healthy/imgs443.jpg,1,0,0,0,1,1,CBPP
healthy/sapi_f_7.jpg,1,0,0,0,1,1,CBPP
healthy/Non-diseased-muzzle-19-with-tongue_jpg.rf.43df37e40cfcbe52c82c6041734d1380.jpg,1,0,0,0,1,1,CBPP
healthy/RedDanecattle94.jpg,1,0,0,0,1,1,CBPP
healthy/Non-diseased-muzzle-6-with-tongue_jpg.rf.5671bd0bb07947a3a9d465f460e5377b.jpg,1,0,0,0,1,1,CBPP
healthy/imgs116.jpg,1,0,0,0,1,1,CBPP
healthy/Normal_Skin_57-resized.jpg,1,0,0,0,1,1,CBPP
healthy/HolsteinFriesiancattle96.jpg,1,0,0,0,1,1,CBPP
healthy/BB19012024165901_front_png_jpg.rf.d09f8d0a4f53a59bbd2c35d0f99471f0.jpg,1,0,0,0,1,1,CBPP
healthy/imgs445.jpg,1,0,0,0,1,1,CBPP
healthy/imgs042.jpg,1,0,0,0,1,1,CBPP
healthy/Jerseycattle8_c.jpg,1,0,0,0,1,1,CBPP
healthy/BrownSwisscattle77.jpg,1,0,0,0,1,1,CBPP
healthy/imgs380.jpg,1,0,0,0,1,1,CBPP
healthy/imgs162.jpg,1,0,0,0,1,1,CBPP
healthy/Non-diseased-muzzle-38-with-tongue_jpg.rf.57870febd65185503c3a9a1808433661.jpg,1,0,0,0,1,1,CBPP
healthy/Ayrshirecattle9.jpg,1,0,0,0,1,1,CBPP
healthy/imgs307.jpg,1,0,0,0,1,1,CBPP
healthy/healthymouth_12_jpg.rf.2d3fc82901e28aaffb6be4788f0ede96.jpg,1,0,0,0,1,1,CBPP
healthy/BB02022024173235_front-png_jpg.rf.dcb32ea5ec98ac6cf2306411b8551fef.jpg,1,0,0,0,1,1,CBPP
healthy/imgs398.jpg,1,0,0,0,1,1,CBPP
healthy/imgs219.jpg,1,0,0,0,1,1,CBPP
healthy/imgs381.jpg,1,0,0,0,1,1,CBPP
healthy/Ayrshirecattle11.jpg,1,0,0,0,1,1,CBPP
healthy/Jerseycattle76.jpg,1,0,0,0,1,1,CBPP
healthy/imgs236.jpg,1,0,0,0,1,1,CBPP
healthy/imgs344.jpg,1,0,0,0,1,1,CBPP
healthy/imgs046.jpg,1,0,0,0,1,0,ECF
healthy/sapi_o_5.jpg,1,0,0,0,1,0,ECF
healthy/imgs312.jpg,1,0,0,0,1,0,ECF
healthy/Ayrshirecattle136.jpg,1,0,0,0,1,0,ECF
healthy/image_UHJvZHVjdDoxODI4_a34b2521_jpeg_jpg.rf.3f4b174763fd15f3c154ee02c4a6bae9.jpg,1,0,0,0,1,0,ECF
healthy/RedDanecattle4.jpg,1,0,0,0,1,0,ECF
healthy/IMG_20220906_173442_jpg.rf.6eddd80d215675835acbf6e6a4a2ba3e.jpg,1,0,0,0,1,0,ECF
healthy/HolsteinFriesiancattle52.jpg,1,0,0,0,1,0,ECF
healthy/HolsteinFriesiancattle8.jpg,1,0,0,0,1,0,ECF
healthy/Jerseycattle141.jpg,1,0,0,0,1,0,ECF
healthy/Jerseycattle130.jpg,1,0,0,0,1,0,ECF
healthy/imgs276.jpg,1,0,0,0,1,0,ECF
healthy/imgs133.jpg,1,0,0,0,1,0,ECF
healthy/imgs228.jpg,1,0,0,0,1,0,ECF
healthy/imgs458.jpg,1,0,0,0,1,0,ECF
healthy/sapi_q_2.jpg,1,0,0,0,1,0,ECF
healthy/sapi_r_15.jpg,1,0,0,0,1,0,ECF
healthy/RedDanecattle72.jpg,1,0,0,0,1,0,ECF
healthy/sapi_q_4.jpg,1,0,0,0,1,0,ECF
healthy/imgs067.jpg,1,0,0,0,1,0,ECF
healthy/BrownSwisscattle97_c.jpg,1,0,0,0,1,0,ECF
healthy/imgs009.jpg,1,0,0,0,1,0,ECF
healthy/sapi_k_2.jpg,1,0,0,0,1,0,ECF
healthy/IMG_20220906_172625_jpg.rf.0ef9a8dd6b86a8335d7a333c8bc68e5c.jpg,1,0,0,0,1,0,ECF
healthy/Non-diseased-muzzle-34-with-tongue_jpg.rf.1d89dc5723136c3aa4f0f894c84c09dc.jpg,1,0,0,0,1,0,ECF
healthy/imgs121.jpg,1,0,0,0,1,0,ECF
healthy/Ayrshirecattle5.jpg,1,0,0,0,1,0,ECF
healthy/Jerseycattle78.jpg,1,0,0,0,1,0,ECF
healthy/sapi_d_2.jpg,1,0,0,0,1,0,ECF
healthy/Non-diseased-muzzle-5-with-tongue_jpg.rf.dec1d3e61e8acc79e4e56e7afffe0903.jpg,1,0,0,0,1,0,ECF
healthy/Normal_Skin_31_png.rf.edf82e5508525c4caf422fbce4eecdae.jpg,1,0,0,0,1,0,ECF
healthy/sapi_b1_16.jpg,1,0,0,0,1,0,ECF
healthy/Ayrshirecattle87.jpg,1,0,0,0,1,0,ECF
healthy/imgs231.jpg,1,0,0,0,1,0,ECF
healthy/Ayrshirecattle10.jpg,1,0,0,0,1,0,ECF
healthy/HolsteinFriesiancattle90.jpg,1,0,0,0,1,0,ECF
healthy/HolsteinFriesiancattle30_c.jpg,1,0,0,0,1,0,ECF
healthy/BrownSwisscattle13.jpg,1,0,0,0,1,0,ECF
healthy/Ayrshirecattle100.jpg,1,0,0,0,1,0,ECF
healthy/BB06022024123803_front-png_jpg.rf.8409a51eb624142cd362309ace1c3602.jpg,1,0,0,0,1,0,ECF
healthy/imgs289.jpg,1,0,0,0,1,0,ECF
healthy/imgs275.jpg,1,0,0,0,1,0,ECF
healthy/Ayrshirecattle85.jpg,1,0,0,0,1,0,ECF
healthy/non-diseased-muzzle-12-with-tongue_jpg.rf.80db514b2490360dcddd223dbebc1010.jpg,1,0,0,0,1,0,ECF
healthy/Non-diseased-muzzle-6-with-tongue_jpg.rf.64f441872c2cbdb369e35ec255661294.jpg,1,0,0,0,1,0,ECF
healthy/HolsteinFriesiancattle87.jpg,1,0,0,0,1,0,ECF
healthy/BrownSwisscattle33.jpg,1,0,0,0,1,0,ECF
healthy/imgs364.jpg,1,0,0,0,1,0,ECF
healthy/imgs061.jpg,1,0,0,0,1,0,ECF
healthy/BB19012024175102_front_png_jpg.rf.03ec3748dbdb4481c6f924ea02fa96b2.jpg,1,0,0,0,1,0,ECF
healthy/Normal_Skin_570-resized.jpg,1,0,0,0,1,0,ECF
healthy/imgs137.jpg,1,0,0,0,1,0,ECF
healthy/Normal_Skin_560-resized.jpg,1,0,0,0,1,0,ECF
healthy/RedDanecattle8.jpg,1,0,0,0,1,0,ECF
healthy/RedDanecattle74.jpg,1,0,0,0,1,0,ECF
healthy/HolsteinFriesiancattle118.jpg,1,0,0,0,1,0,ECF
healthy/imgs006.jpg,1,0,0,0,1,0,ECF
healthy/imgs296.jpg,1,0,0,0,1,0,ECF
healthy/BrownSwisscattle121.jpg,1,0,0,0,1,0,ECF
healthy/imgs358.jpg,1,0,0,0,1,0,ECF
healthy/Normal_Skin_251_png.rf.fc442aa9be0bf923678abc4675c1c733.jpg,1,0,0,0,1,0,ECF
healthy/Jerseycattle85.jpg,1,0,0,0,1,0,ECF
healthy/RedDanecattle24.jpg,1,0,0,0,1,0,ECF
healthy/imgs167.jpg,1,0,0,0,1,0,ECF
healthy/RedDanecattle86.jpg,1,0,0,0,1,0,ECF
healthy/Non-diseased-muzzle-27_jpg.rf.102e51f2dd2b48be8f451e350355fdcd.jpg,1,0,0,0,1,0,ECF
healthy/BrownSwisscattle66.jpg,1,0,0,0,1,0,ECF
healthy/imgs257.jpg,1,0,0,0,1,0,ECF
healthy/imgs225.jpg,1,0,0,0,1,0,ECF
healthy/sapi_o_3.jpg,1,0,0,0,1,0,ECF
healthy/HolsteinFriesiancattle58_c.jpg,1,0,0,0,1,0,ECF
healthy/imgs065.jpg,1,0,0,0,1,0,ECF
healthy/imgs477.jpg,1,0,0,0,1,0,ECF
healthy/imgs387.jpg,1,0,0,0,1,0,ECF
healthy/imgs363.jpg,1,0,0,0,1,0,ECF
healthy/imgs448.jpg,1,0,0,0,1,0,ECF
healthy/HolsteinFriesiancattle29.jpg,1,0,0,0,1,0,ECF
healthy/BrownSwisscattle112.jpg,1,0,0,0,1,0,ECF
healthy/imgs013.jpg,1,0,0,0,1,0,ECF
healthy/Non-diseased-muzzle-10_jpg.rf.81a902b5a6e0270173faa8b65f796f11.jpg,1,0,0,0,1,0,ECF
healthy/imgs117.jpg,1,0,0,0,1,0,ECF
healthy/BB29012024091134_right_png_jpg.rf.1a411929b64fd3bb5a575d1baf271e8f.jpg,1,0,0,0,1,0,ECF
healthy/Ayrshirecattle144.jpg,1,0,0,0,1,0,ECF
healthy/imgs291.jpg,1,0,0,0,1,0,ECF
healthy/Non-diseased-muzzle-18-with-tongue_jpg.rf.57595e6451dbbf8d90726acddf1c89f1.jpg,1,0,0,0,1,0,ECF
healthy/Non-diseased-muzzle-20_jpg.rf.c4bfd3e94a9fd87a792e9b2b7a1f8ab6.jpg,1,0,0,0,1,0,ECF
healthy/imgs159.jpg,1,0,0,0,1,0,ECF
healthy/RedDanecattle56.jpg,1,0,0,0,1,0,ECF
healthy/BB19012024102736_front-1-_png_jpg.rf.c863fd13624f42503a088becf5bba76b.jpg,1,0,0,0,1,0,ECF
healthy/RedDanecattle125.jpg,1,0,0,0,1,0,ECF
healthy/Normal_Skin_243_png.rf.090ec2c522227c53758368b6a40b7fc0.jpg,1,0,0,0,1,0,ECF
healthy/BrownSwisscattle18.jpg,1,0,0,0,1,0,ECF
healthy/imgs365.jpg,1,0,0,0,1,0,ECF
healthy/imgs434.jpg,1,0,0,0,1,0,ECF
healthy/imgs449.jpg,1,0,0,0,1,0,ECF
healthy/Ayrshirecattle75.jpg,1,0,0,0,1,0,ECF
healthy/imgs019.jpg,1,0,0,0,1,0,ECF
healthy/sapi_h_19.jpg,1,0,0,0,1,0,ECF
healthy/imgs094.jpg,1,0,0,0,1,0,ECF
healthy/imgs482.jpg,1,0,0,0,1,0,ECF
healthy/imgs128.jpg,1,0,0,0,1,0,ECF
healthy/imgs356.jpg,1,0,0,0,1,0,ECF
healthy/Non-diseased-muzzle-13_jpg.rf.faa966ea7731568601620bfa76317277.jpg,1,0,0,0,1,0,ECF
healthy/Ayrshirecattle46.jpg,1,0,0,0,1,0,ECF
healthy/HolsteinFriesiancattle84.jpg,1,0,0,0,1,0,ECF
healthy/Ayrshirecattle116.jpg,1,0,0,0,1,0,ECF
healthy/imgs182.jpg,1,0,0,0,1,0,ECF
healthy/imgs493.jpg,1,0,0,0,1,0,ECF
healthy/HolsteinFriesiancattle25.jpg,1,0,0,0,1,0,ECF
healthy/RedDanecattle116.jpg,1,0,0,0,1,0,ECF
healthy/imgs462.jpg,1,0,0,0,1,0,ECF
healthy/Non-diseased-muzzle-7_jpg.rf.c65f801d885859e9bd3017f710409313.jpg,1,0,0,0,1,0,ECF
healthy/imgs374.jpg,1,0,0,0,1,0,ECF
healthy/imgs259.jpg,1,0,0,0,1,0,ECF
healthy/imgs108.jpg,1,0,0,0,1,0,ECF
healthy/BrownSwisscattle70.jpg,1,0,0,0,1,0,ECF
healthy/Jerseycattle121.jpg,1,0,0,0,1,0,ECF
healthy/imgs189.jpg,1,0,0,0,1,0,ECF
healthy/Non-diseased-muzzle-29-with-tongue_jpg.rf.e292f207711fa9fc28024548a929fd36.jpg,1,0,0,0,1,0,ECF
healthy/imgs030.jpg,1,0,0,0,1,0,ECF
healthy/Ayrshirecattle33_c.jpg,1,0,0,0,1,0,ECF
healthy/imgs285.jpg,1,0,0,0,1,0,ECF
healthy/RedDanecattle143.jpg,1,0,0,0,1,0,ECF
healthy/imgs305.jpg,1,0,0,0,1,0,ECF
healthy/Non-diseased-muzzle-29-with-tongue_jpg.rf.01afebe089e48ab4acfffc1e4c57c40d.jpg,1,0,0,0,1,0,ECF
healthy/imgs432.jpg,1,0,0,0,1,0,ECF
healthy/Ayrshirecattle3.jpg,1,0,0,0,1,0,ECF
healthy/Normal_Skin_224_png.rf.4d083f0a56b6d881211fa07e19edf130.jpg,1,0,0,0,1,0,ECF
healthy/imgs051.jpg,1,0,0,0,1,0,ECF
healthy/imgs317.jpg,1,0,0,0,1,0,ECF
healthy/Non-diseased-muzzle-9-with-tongue_jpg.rf.81ebce3414e8ba48cac7b1f611542e74.jpg,1,0,0,0,1,0,ECF
healthy/Normal_Skin_177_png.rf.73cbab2fc4d79db8b22493c107ae4320.jpg,1,0,0,0,1,0,ECF
healthy/HolsteinFriesiancattle86.jpg,1,0,0,0,1,0,ECF
healthy/imgs215.jpg,1,0,0,0,1,0,ECF
healthy/Non-diseased-muzzle-41-with-tongue_jpg.rf.232d6c9975943c7263860d138204b970.jpg,1,0,0,0,1,0,ECF
healthy/Jerseycattle50.jpg,1,0,0,0,1,0,ECF
healthy/Ayrshirecattle111.jpg,1,0,0,0,1,0,ECF
healthy/HolsteinFriesiancattle95.jpg,1,0,0,0,1,0,ECF
healthy/imgs290.jpg,1,0,0,0,1,0,ECF
healthy/Non-diseased-muzzle-1_jpeg.rf.6b3c39dc9dadb09d8a5054fb5dbd45c1.jpg,1,0,0,0,1,0,ECF
healthy/BB20012024145742_left_png_jpeg_jpg.rf.7c99ecb3ae4aae9ebbd59d2fd528c1dd.jpg,1,0,0,0,1,0,ECF
healthy/Normal_Skin_263_png.rf.0f205a91c872fca7b704327cd4762db2.jpg,1,0,0,0,1,0,ECF
healthy/HolsteinFriesiancattle48_c.jpg,1,0,0,0,1,0,ECF
healthy/imgs508.jpg,1,0,0,0,1,0,ECF
healthy/Ayrshirecattle79.jpg,1,0,0,0,1,0,ECF
healthy/imgs173.jpg,1,0,0,0,1,0,ECF
healthy/imgs439.jpg,1,0,0,0,1,0,ECF
healthy/imgs418.jpg,1,0,0,0,1,0,ECF
healthy/healthymouth_17_jpg.rf.7ef7c29589e9a4de6e5015d350d234d4.jpg,1,0,0,0,1,0,ECF
healthy/Ayrshirecattle69.jpg,1,0,0,0,1,0,ECF
healthy/HolsteinFriesiancattle85.jpg,1,0,0,0,1,0,ECF
healthy/Non-diseased-muzzle-17-with-tongue_jpg.rf.a2c1951304306e29c06ef1bf358f247e.jpg,1,0,0,0,1,0,ECF
healthy/imgs485.jpg,1,0,0,0,1,0,ECF
healthy/HolsteinFriesiancattle103.jpg,1,0,0,0,1,0,ECF
healthy/RedDanecattle81.jpg,1,0,0,0,1,0,ECF
healthy/imgs405.jpg,1,0,0,0,1,0,ECF
healthy/imgs377.jpg,1,0,0,0,1,0,ECF
healthy/imgs481.jpg,1,0,0,0,1,0,ECF
healthy/BB19012024174918_left_png_jpeg_jpg.rf.d1b951813dd965d9e9889d7fc89566ca.jpg,1,0,0,0,1,0,ECF
healthy/BrownSwisscattle56.jpg,1,0,0,0,1,0,ECF
healthy/HolsteinFriesiancattle27_c.jpg,1,0,0,0,1,0,ECF
healthy/imgs102.jpg,1,0,0,0,1,0,ECF
healthy/BrownSwisscattle59.jpg,1,0,0,0,1,0,ECF
healthy/imgs183.jpg,1,0,0,0,1,0,ECF
healthy/HolsteinFriesiancattle31_c.jpg,1,0,0,0,1,0,ECF
healthy/imgs206.jpg,1,0,0,0,1,0,ECF
healthy/Ayrshirecattle65.jpg,1,0,0,0,1,0,ECF
healthy/Jerseycattle11.jpg,1,0,0,0,1,0,ECF
healthy/BB19012024174918_front_png_jpg.rf.fea1570eb04cd9c95ce06be9ea634773.jpg,1,0,0,0,1,0,ECF
healthy/BrownSwisscattle32.jpg,1,0,0,0,1,0,ECF
healthy/imgs043.jpg,1,0,0,0,1,0,ECF
healthy/imgs284.jpg,1,0,0,0,1,0,ECF
healthy/Jerseycattle108.jpg,1,0,0,0,1,0,ECF
healthy/Non-diseased-muzzle-36-with-tongue_jpg.rf.9097a0a739ebde397d564af1e1edb686.jpg,1,0,0,0,1,0,ECF
healthy/imgs498.jpg,1,0,0,0,1,0,ECF
healthy/imgs490.jpg,1,0,0,0,1,0,ECF
healthy/imgs154.jpg,1,0,0,0,1,0,ECF
healthy/imgs384.jpg,1,0,0,0,1,0,ECF
healthy/Non-diseased-muzzle-21-with-tongue_jpg.rf.8303f09d3e60ea7735dc10d902e326e7.jpg,1,0,0,0,1,0,ECF
healthy/imgs452.jpg,1,0,0,0,1,0,ECF
healthy/imgs111.jpg,1,0,0,0,1,0,ECF
healthy/imgs016.jpg,1,0,0,0,1,0,ECF
healthy/sapi_c_5.jpg,1,0,0,0,1,0,ECF
healthy/imgs480.jpg,1,0,0,0,1,0,ECF
healthy/imgs190.jpg,1,0,0,0,1,0,ECF
healthy/HolsteinFriesiancattle91.jpg,1,0,0,0,1,0,ECF
healthy/healthymouth_17_jpg.rf.b566b24e87f4c5207c7e06818d3fca93.jpg,1,0,0,0,1,0,ECF
healthy/imgs311.jpg,1,0,0,0,1,0,ECF
healthy/imgs136.jpg,1,0,0,0,1,0,ECF
healthy/RedDanecattle51.jpg,1,0,0,0,1,0,ECF
healthy/imgs012.jpg,1,0,0,0,1,0,ECF
healthy/HolsteinFriesiancattle5.jpg,1,0,0,0,1,0,ECF
healthy/imgs208.jpg,1,0,0,0,1,0,ECF
healthy/BB19012024102736_left-1-_jpeg_jpg.rf.fbb55cee850f6c37b8e4dcd176828d14.jpg,1,0,0,0,1,0,ECF
healthy/BrownSwisscattle12.jpg,1,0,0,0,1,0,ECF
healthy/HolsteinFriesiancattle1.jpg,1,0,0,0,1,0,ECF
healthy/healthymouth_80_jpg.rf.f020f3157752d81e783662b9003bc0e0.jpg,1,0,0,0,1,0,ECF
healthy/Normal_Skin_588-resized.jpg,1,0,0,0,1,0,ECF
healthy/imgs001.jpg,1,0,0,0,1,0,ECF
healthy/HolsteinFriesiancattle13.jpg,1,0,0,0,1,0,ECF
